id_transaccion,fecha,id_cliente,categoria,producto,precio_unitario,cantidad,descuento_pct,total,canal,metodo_pago,ciudad,satisfaccion,atipico_total,año,mes_num,mes,trimestre,dia_semana,es_fin_de_semana,semana_iso,importe_medio_unitario
TX-000001,2024-01-02 14:25:00,C-00088,Electrónica,Portátil UltraBook 15,1099.0,4,0.21,3472.84,Tienda física,Tarjeta,Madrid,3.9,True,2024,1,Enero,T1,Martes,False,1,868.21
TX-000002,2024-01-02 18:30:00,C-00099,Hogar,Cafetera Espresso,189.0,1,0.0,189.0,Online,Bizum,Madrid,3.7,False,2024,1,Enero,T1,Martes,False,1,189.0
TX-000003,2024-01-05 16:40:00,C-00073,Hogar,Lámpara Inteligente,45.0,2,0.0,90.0,Tienda física,Bizum,Málaga,5.0,False,2024,1,Enero,T1,Viernes,False,1,45.0
TX-000004,2024-01-06 17:05:00,C-00093,Electrónica,Smartphone Galaxy X,699.0,3,0.0,2097.0,Online,Efectivo,Bilbao,3.5,True,2024,1,Enero,T1,Sábado,True,1,699.0
TX-000005,2024-01-06 18:55:00,C-00088,Hogar,Lámpara Inteligente,45.0,1,0.0,45.0,Online,Bizum,Barcelona,4.5,False,2024,1,Enero,T1,Sábado,True,1,45.0
TX-000006,2024-01-08 09:50:00,C-00077,Hogar,Robot Aspirador,299.0,1,0.0,299.0,Online,PayPal,Valencia,4.0,False,2024,1,Enero,T1,Lunes,False,2,299.0
TX-000007,2024-01-08 17:45:00,C-00049,Ropa,Vaqueros Slim,59.0,3,0.0,177.0,Online,Efectivo,Zaragoza,4.1,False,2024,1,Enero,T1,Lunes,False,2,59.0
TX-000008,2024-01-10 10:20:00,C-00060,Deportes,Balón Profesional,39.0,3,0.23,90.09,Tienda física,Tarjeta,Madrid,4.1,False,2024,1,Enero,T1,Miércoles,False,2,30.03
TX-000009,2024-01-12 14:45:00,C-00073,Ropa,Sudadera Premium,49.0,1,0.0,49.0,Online,Tarjeta,Valencia,3.5,False,2024,1,Enero,T1,Viernes,False,2,49.0
TX-000010,2024-01-13 18:00:00,C-00066,Ropa,Zapatillas Running,99.0,2,0.0,198.0,Tienda física,Efectivo,Sevilla,3.6,False,2024,1,Enero,T1,Sábado,True,2,99.0
TX-000011,2024-01-15 10:45:00,C-00064,Deportes,Balón Profesional,39.0,1,0.22,30.42,Online,Bizum,Valencia,4.3,False,2024,1,Enero,T1,Lunes,False,3,30.42
TX-000012,2024-01-16 16:50:00,C-00040,Electrónica,"Monitor 4K 27""",249.0,1,0.0,249.0,Online,Bizum,Barcelona,4.1,False,2024,1,Enero,T1,Martes,False,3,249.0
TX-000013,2024-01-19 11:05:00,C-00037,Deportes,Set Bandas Elásticas,19.0,1,0.0,19.0,Tienda física,Tarjeta,Bilbao,4.5,False,2024,1,Enero,T1,Viernes,False,3,19.0
TX-000014,2024-01-19 13:15:00,C-00066,Hogar,Robot Aspirador,299.0,3,0.0,897.0,Online,Tarjeta,Barcelona,2.0,False,2024,1,Enero,T1,Viernes,False,3,299.0
TX-000015,2024-01-20 21:10:00,C-00070,Electrónica,"Monitor 4K 27""",249.0,4,0.0,996.0,Online,Tarjeta,Madrid,3.9,False,2024,1,Enero,T1,Sábado,True,3,249.0
TX-000016,2024-01-22 19:55:00,C-00075,Libros,Novela Bestseller,21.0,1,0.0,21.0,Online,Efectivo,Madrid,3.2,False,2024,1,Enero,T1,Lunes,False,4,21.0
TX-000017,2024-01-23 18:05:00,C-00055,Hogar,Purificador de Aire,159.0,4,0.0,636.0,Tienda física,PayPal,Sevilla,3.9,False,2024,1,Enero,T1,Martes,False,4,159.0
TX-000018,2024-01-24 13:20:00,C-00010,Electrónica,Smartwatch Active,199.0,2,0.0,398.0,Online,PayPal,Valencia,3.1,False,2024,1,Enero,T1,Miércoles,False,4,199.0
TX-000019,2024-01-24 19:55:00,C-00098,Deportes,Bicicleta Estática,349.0,2,0.0,698.0,Online,Tarjeta,Málaga,3.6,False,2024,1,Enero,T1,Miércoles,False,4,349.0
TX-000020,2024-01-26 10:55:00,C-00077,Ropa,Sudadera Premium,49.0,1,0.0,49.0,Tienda física,Tarjeta,Valencia,4.6,False,2024,1,Enero,T1,Viernes,False,4,49.0
TX-000021,2024-01-26 16:25:00,C-00032,Alimentación,Chocolate Artesanal,6.0,1,0.0,6.0,Tienda física,Bizum,Barcelona,4.1,False,2024,1,Enero,T1,Viernes,False,4,6.0
TX-000022,2024-01-30 17:10:00,C-00040,Hogar,Robot Aspirador,299.0,1,0.0,299.0,Online,Tarjeta,Barcelona,2.6,False,2024,1,Enero,T1,Martes,False,5,299.0
TX-000023,2024-01-31 14:40:00,C-00075,Hogar,Purificador de Aire,159.0,3,0.0,477.0,Tienda física,Tarjeta,Málaga,3.0,False,2024,1,Enero,T1,Miércoles,False,5,159.0
TX-000024,2024-01-31 15:40:00,C-00070,Ropa,Camisa Clásica,35.0,1,0.0,35.0,Online,Efectivo,Barcelona,5.0,False,2024,1,Enero,T1,Miércoles,False,5,35.0
TX-000025,2024-02-01 15:00:00,C-00049,Electrónica,Tablet Pro 11,449.0,4,0.0,1796.0,Tienda física,Bizum,Bilbao,4.0,True,2024,2,Febrero,T1,Jueves,False,5,449.0
TX-000026,2024-02-02 11:15:00,C-00063,Hogar,Cafetera Espresso,189.0,2,0.0,378.0,Tienda física,PayPal,Madrid,4.7,False,2024,2,Febrero,T1,Viernes,False,5,189.0
TX-000027,2024-02-07 10:20:00,C-00040,Deportes,Balón Profesional,39.0,1,0.0,39.0,Online,PayPal,Madrid,5.0,False,2024,2,Febrero,T1,Miércoles,False,6,39.0
TX-000028,2024-02-07 13:25:00,C-00097,Hogar,Lámpara Inteligente,45.0,1,0.0,45.0,Online,Tarjeta,Sevilla,4.1,False,2024,2,Febrero,T1,Miércoles,False,6,45.0
TX-000029,2024-02-07 17:45:00,C-00055,Electrónica,"Monitor 4K 27""",249.0,3,0.0,747.0,Tienda física,Tarjeta,Madrid,4.3,False,2024,2,Febrero,T1,Miércoles,False,6,249.0
TX-000030,2024-02-08 16:20:00,C-00017,Electrónica,Smartphone Galaxy X,699.0,2,0.0,1398.0,Online,Bizum,Sevilla,4.4,False,2024,2,Febrero,T1,Jueves,False,6,699.0
TX-000031,2024-02-08 21:30:00,C-00012,Electrónica,Smartphone Galaxy X,699.0,5,0.0,3495.0,Online,Tarjeta,Madrid,3.5,True,2024,2,Febrero,T1,Jueves,False,6,699.0
TX-000032,2024-02-11 21:20:00,C-00066,Electrónica,Smartphone Galaxy X,699.0,1,0.13,608.13,Online,Tarjeta,Sevilla,4.0,False,2024,2,Febrero,T1,Domingo,True,6,608.13
TX-000033,2024-02-12 11:40:00,C-00066,Hogar,Set Sartenes Antiadherentes,79.0,4,0.0,316.0,Online,Tarjeta,Málaga,4.0,False,2024,2,Febrero,T1,Lunes,False,7,79.0
TX-000034,2024-02-12 19:50:00,C-00006,Alimentación,Aceite de Oliva Extra,12.0,1,0.0,12.0,Online,PayPal,Sevilla,4.3,False,2024,2,Febrero,T1,Lunes,False,7,12.0
TX-000035,2024-02-13 15:00:00,C-00099,Ropa,Vaqueros Slim,59.0,1,0.0,59.0,Online,Tarjeta,Barcelona,3.6,False,2024,2,Febrero,T1,Martes,False,7,59.0
TX-000036,2024-02-14 11:10:00,C-00044,Alimentación,Té Verde Premium,9.0,5,0.0,45.0,Tienda física,PayPal,Barcelona,4.0,False,2024,2,Febrero,T1,Miércoles,False,7,9.0
TX-000037,2024-02-15 14:05:00,C-00075,Ropa,Sudadera Premium,49.0,1,0.0,49.0,Tienda física,Tarjeta,Madrid,3.9,False,2024,2,Febrero,T1,Jueves,False,7,49.0
TX-000038,2024-02-15 16:20:00,C-00045,Electrónica,Auriculares Inalámbricos,129.0,1,0.0,129.0,Online,PayPal,Sevilla,3.9,False,2024,2,Febrero,T1,Jueves,False,7,129.0
TX-000039,2024-02-16 10:15:00,C-00002,Ropa,Zapatillas Running,99.0,3,0.0,297.0,Online,Bizum,Madrid,4.8,False,2024,2,Febrero,T1,Viernes,False,7,99.0
TX-000040,2024-02-16 18:15:00,C-00044,Ropa,Sudadera Premium,49.0,2,0.0,98.0,Online,Efectivo,Sevilla,4.7,False,2024,2,Febrero,T1,Viernes,False,7,49.0
TX-000041,2024-02-19 21:05:00,C-00093,Ropa,Zapatillas Running,99.0,4,0.0,396.0,Tienda física,Tarjeta,Barcelona,3.1,False,2024,2,Febrero,T1,Lunes,False,8,99.0
TX-000042,2024-02-20 16:05:00,C-00047,Deportes,Mancuernas Ajustables,149.0,1,0.2,119.2,Tienda física,Tarjeta,Madrid,2.4,False,2024,2,Febrero,T1,Martes,False,8,119.2
TX-000043,2024-02-20 17:40:00,C-00009,Alimentación,Chocolate Artesanal,6.0,2,0.0,12.0,Online,Bizum,Valencia,2.8,False,2024,2,Febrero,T1,Martes,False,8,6.0
TX-000044,2024-02-21 14:15:00,C-00054,Hogar,Lámpara Inteligente,45.0,1,0.0,45.0,Online,PayPal,Valencia,4.2,False,2024,2,Febrero,T1,Miércoles,False,8,45.0
TX-000045,2024-02-21 17:10:00,C-00033,Electrónica,Tablet Pro 11,449.0,1,0.0,449.0,Online,Tarjeta,Sevilla,3.7,False,2024,2,Febrero,T1,Miércoles,False,8,449.0
TX-000046,2024-02-23 20:25:00,C-00075,Hogar,Purificador de Aire,159.0,1,0.0,159.0,Online,Tarjeta,Madrid,3.6,False,2024,2,Febrero,T1,Viernes,False,8,159.0
TX-000047,2024-02-24 12:35:00,C-00092,Deportes,Esterilla Yoga Pro,29.0,4,0.0,116.0,Online,Tarjeta,Barcelona,3.9,False,2024,2,Febrero,T1,Sábado,True,8,29.0
TX-000048,2024-02-24 16:55:00,C-00017,Electrónica,"Monitor 4K 27""",249.0,2,0.0,498.0,Online,PayPal,Madrid,3.6,False,2024,2,Febrero,T1,Sábado,True,8,249.0
TX-000049,2024-02-25 16:50:00,C-00079,Alimentación,Café en Grano 1kg,14.0,3,0.06,39.48,Tienda física,Tarjeta,Valencia,3.9,False,2024,2,Febrero,T1,Domingo,True,8,13.16
TX-000050,2024-02-26 18:15:00,C-00024,Electrónica,Smartwatch Active,199.0,4,0.0,796.0,Tienda física,Tarjeta,Madrid,3.1,False,2024,2,Febrero,T1,Lunes,False,9,199.0
TX-000051,2024-02-27 09:45:00,C-00075,Hogar,Lámpara Inteligente,45.0,1,0.0,45.0,Tienda física,Tarjeta,Madrid,4.7,False,2024,2,Febrero,T1,Martes,False,9,45.0
TX-000052,2024-02-28 20:25:00,C-00010,Electrónica,Auriculares Inalámbricos,129.0,2,0.0,258.0,Online,Tarjeta,Barcelona,3.4,False,2024,2,Febrero,T1,Miércoles,False,9,129.0
TX-000053,2024-03-01 15:35:00,C-00077,Ropa,Chaqueta Impermeable,89.0,2,0.0,178.0,Online,Bizum,Madrid,3.4,False,2024,3,Marzo,T1,Viernes,False,9,89.0
TX-000054,2024-03-01 19:10:00,C-00005,Hogar,Lámpara Inteligente,45.0,2,0.0,90.0,Online,Tarjeta,Barcelona,4.5,False,2024,3,Marzo,T1,Viernes,False,9,45.0
TX-000055,2024-03-02 18:05:00,C-00008,Libros,Libro de Cocina,28.0,1,0.0,28.0,Online,Tarjeta,Barcelona,3.9,False,2024,3,Marzo,T1,Sábado,True,9,28.0
TX-000056,2024-03-03 16:40:00,C-00046,Hogar,Robot Aspirador,299.0,3,0.0,897.0,Online,PayPal,Málaga,4.2,False,2024,3,Marzo,T1,Domingo,True,9,299.0
TX-000057,2024-03-06 15:15:00,C-00077,Ropa,Camisa Clásica,35.0,2,0.05,66.5,Tienda física,Tarjeta,Madrid,4.2,False,2024,3,Marzo,T1,Miércoles,False,10,33.25
TX-000058,2024-03-08 11:50:00,C-00049,Electrónica,Smartwatch Active,199.0,1,0.0,199.0,Online,PayPal,Bilbao,3.7,False,2024,3,Marzo,T1,Viernes,False,10,199.0
TX-000059,2024-03-09 15:40:00,C-00026,Electrónica,Portátil UltraBook 15,1099.0,1,0.0,1099.0,Tienda física,Tarjeta,Madrid,3.3,False,2024,3,Marzo,T1,Sábado,True,10,1099.0
TX-000060,2024-03-09 18:25:00,C-00039,Hogar,Purificador de Aire,159.0,1,0.09,144.69,Online,Tarjeta,Madrid,3.9,False,2024,3,Marzo,T1,Sábado,True,10,144.69
TX-000061,2024-03-14 12:05:00,C-00079,Ropa,Sudadera Premium,49.0,4,0.0,196.0,Online,Tarjeta,Sevilla,4.3,False,2024,3,Marzo,T1,Jueves,False,11,49.0
TX-000062,2024-03-19 11:10:00,C-00034,Electrónica,Smartwatch Active,199.0,1,0.0,199.0,Online,Efectivo,Sevilla,4.0,False,2024,3,Marzo,T1,Martes,False,12,199.0
TX-000063,2024-03-21 21:25:00,C-00031,Alimentación,Café en Grano 1kg,14.0,2,0.0,28.0,Online,Tarjeta,Barcelona,3.6,False,2024,3,Marzo,T1,Jueves,False,12,14.0
TX-000064,2024-03-23 11:25:00,C-00030,Deportes,Set Bandas Elásticas,19.0,1,0.0,19.0,Online,Tarjeta,Madrid,3.5,False,2024,3,Marzo,T1,Sábado,True,12,19.0
TX-000065,2024-03-24 19:55:00,C-00077,Hogar,Lámpara Inteligente,45.0,1,0.0,45.0,Tienda física,Bizum,Valencia,4.5,False,2024,3,Marzo,T1,Domingo,True,12,45.0
TX-000066,2024-03-25 15:05:00,C-00055,Electrónica,Tablet Pro 11,449.0,1,0.0,449.0,Tienda física,Tarjeta,Barcelona,4.3,False,2024,3,Marzo,T1,Lunes,False,13,449.0
TX-000067,2024-03-25 17:10:00,C-00002,Deportes,Bicicleta Estática,349.0,1,0.0,349.0,Online,Tarjeta,Barcelona,3.8,False,2024,3,Marzo,T1,Lunes,False,13,349.0
TX-000068,2024-03-25 21:25:00,C-00028,Electrónica,"Monitor 4K 27""",249.0,3,0.0,747.0,Online,Efectivo,Sevilla,3.0,False,2024,3,Marzo,T1,Lunes,False,13,249.0
TX-000069,2024-03-25 21:40:00,C-00010,Electrónica,Portátil UltraBook 15,1099.0,4,0.13,3824.52,Tienda física,Tarjeta,Málaga,3.5,True,2024,3,Marzo,T1,Lunes,False,13,956.13
TX-000070,2024-03-28 10:50:00,C-00012,Libros,Manual de Python,39.0,1,0.17,32.37,Online,Efectivo,Madrid,5.0,False,2024,3,Marzo,T1,Jueves,False,13,32.37
TX-000071,2024-03-28 19:00:00,C-00077,Electrónica,Auriculares Inalámbricos,129.0,3,0.0,387.0,Tienda física,Tarjeta,Barcelona,3.9,False,2024,3,Marzo,T1,Jueves,False,13,129.0
TX-000072,2024-03-30 10:10:00,C-00047,Electrónica,"Monitor 4K 27""",249.0,3,0.0,747.0,Online,Bizum,Valencia,3.5,False,2024,3,Marzo,T1,Sábado,True,13,249.0
TX-000073,2024-03-30 15:20:00,C-00043,Electrónica,Auriculares Inalámbricos,129.0,1,0.12,113.52,Tienda física,PayPal,Valencia,4.9,False,2024,3,Marzo,T1,Sábado,True,13,113.52
TX-000074,2024-03-31 18:40:00,C-00051,Hogar,Set Sartenes Antiadherentes,79.0,1,0.0,79.0,Tienda física,Bizum,Valencia,4.2,False,2024,3,Marzo,T1,Domingo,True,13,79.0
TX-000075,2024-04-02 10:20:00,C-00049,Electrónica,"Monitor 4K 27""",249.0,1,0.0,249.0,Tienda física,Bizum,Sevilla,3.5,False,2024,4,Abril,T2,Martes,False,14,249.0
TX-000076,2024-04-03 10:15:00,C-00060,Deportes,Esterilla Yoga Pro,29.0,2,0.28,41.76,Online,Bizum,Madrid,3.6,False,2024,4,Abril,T2,Miércoles,False,14,20.88
TX-000077,2024-04-03 13:30:00,C-00075,Ropa,Zapatillas Running,99.0,3,0.0,297.0,Online,PayPal,Madrid,4.4,False,2024,4,Abril,T2,Miércoles,False,14,99.0
TX-000078,2024-04-03 13:55:00,C-00010,Alimentación,Café en Grano 1kg,14.0,1,0.0,14.0,Online,PayPal,Barcelona,3.5,False,2024,4,Abril,T2,Miércoles,False,14,14.0
TX-000079,2024-04-05 12:20:00,C-00010,Alimentación,Aceite de Oliva Extra,12.0,4,0.0,48.0,Online,Tarjeta,Barcelona,4.0,False,2024,4,Abril,T2,Viernes,False,14,12.0
TX-000080,2024-04-07 18:25:00,C-00079,Electrónica,Smartphone Galaxy X,699.0,5,0.0,3495.0,Online,Bizum,Zaragoza,4.3,True,2024,4,Abril,T2,Domingo,True,14,699.0
TX-000081,2024-04-09 14:35:00,C-00012,Deportes,Esterilla Yoga Pro,29.0,1,0.0,29.0,Online,Tarjeta,Madrid,3.4,False,2024,4,Abril,T2,Martes,False,15,29.0
TX-000082,2024-04-09 14:55:00,C-00005,Hogar,Purificador de Aire,159.0,4,0.0,636.0,Tienda física,PayPal,Valencia,3.6,False,2024,4,Abril,T2,Martes,False,15,159.0
TX-000083,2024-04-10 18:25:00,C-00065,Hogar,Set Sartenes Antiadherentes,79.0,2,0.0,158.0,Online,Tarjeta,Valencia,3.1,False,2024,4,Abril,T2,Miércoles,False,15,79.0
TX-000084,2024-04-11 14:05:00,C-00049,Electrónica,Smartphone Galaxy X,699.0,1,0.0,699.0,Tienda física,Efectivo,Valencia,3.8,False,2024,4,Abril,T2,Jueves,False,15,699.0
TX-000085,2024-04-12 16:15:00,C-00076,Hogar,Lámpara Inteligente,45.0,1,0.0,45.0,Online,Efectivo,Valencia,4.5,False,2024,4,Abril,T2,Viernes,False,15,45.0
TX-000086,2024-04-12 16:45:00,C-00097,Libros,Manual de Python,39.0,4,0.0,156.0,Online,Efectivo,Madrid,4.0,False,2024,4,Abril,T2,Viernes,False,15,39.0
TX-000087,2024-04-13 19:45:00,C-00058,Electrónica,Tablet Pro 11,449.0,1,0.16,377.16,Online,Tarjeta,Barcelona,4.5,False,2024,4,Abril,T2,Sábado,True,15,377.16
TX-000088,2024-04-13 21:00:00,C-00077,Ropa,Chaqueta Impermeable,89.0,1,0.0,89.0,Tienda física,Tarjeta,Barcelona,4.0,False,2024,4,Abril,T2,Sábado,True,15,89.0
TX-000089,2024-04-14 14:30:00,C-00075,Hogar,Lámpara Inteligente,45.0,3,0.0,135.0,Online,Tarjeta,Bilbao,4.1,False,2024,4,Abril,T2,Domingo,True,15,45.0
TX-000090,2024-04-15 17:55:00,C-00047,Hogar,Robot Aspirador,299.0,2,0.0,598.0,Online,Tarjeta,Madrid,3.0,False,2024,4,Abril,T2,Lunes,False,16,299.0
TX-000091,2024-04-16 16:50:00,C-00040,Deportes,Esterilla Yoga Pro,29.0,2,0.0,58.0,Tienda física,Efectivo,Madrid,4.3,False,2024,4,Abril,T2,Martes,False,16,29.0
TX-000092,2024-04-16 19:55:00,C-00068,Alimentación,Chocolate Artesanal,6.0,2,0.1,10.8,Tienda física,Tarjeta,Sevilla,4.2,False,2024,4,Abril,T2,Martes,False,16,5.4
TX-000093,2024-04-17 11:45:00,C-00012,Hogar,Set Sartenes Antiadherentes,79.0,3,0.08,218.04,Online,Tarjeta,Barcelona,4.4,False,2024,4,Abril,T2,Miércoles,False,16,72.68
TX-000094,2024-04-17 14:00:00,C-00054,Ropa,Vaqueros Slim,59.0,2,0.0,118.0,Online,Tarjeta,Madrid,4.3,False,2024,4,Abril,T2,Miércoles,False,16,59.0
TX-000095,2024-04-18 12:45:00,C-00080,Libros,Novela Bestseller,21.0,2,0.1,37.8,Tienda física,Tarjeta,Madrid,3.4,False,2024,4,Abril,T2,Jueves,False,16,18.9
TX-000096,2024-04-18 14:20:00,C-00051,Electrónica,Tablet Pro 11,449.0,2,0.19,727.38,Online,Efectivo,Málaga,4.3,False,2024,4,Abril,T2,Jueves,False,16,363.69
TX-000097,2024-04-20 12:00:00,C-00005,Electrónica,Portátil UltraBook 15,1099.0,2,0.26,1626.52,Tienda física,Tarjeta,Madrid,4.4,True,2024,4,Abril,T2,Sábado,True,16,813.26
TX-000098,2024-04-20 19:25:00,C-00085,Hogar,Cafetera Espresso,189.0,1,0.21,149.31,Online,Efectivo,Madrid,3.5,False,2024,4,Abril,T2,Sábado,True,16,149.31
TX-000099,2024-04-21 09:00:00,C-00036,Ropa,Vaqueros Slim,59.0,3,0.0,177.0,Online,Efectivo,Barcelona,3.5,False,2024,4,Abril,T2,Domingo,True,16,59.0
TX-000100,2024-04-21 12:20:00,C-00077,Electrónica,Tablet Pro 11,449.0,1,0.0,449.0,Online,Bizum,Barcelona,3.6,False,2024,4,Abril,T2,Domingo,True,16,449.0
TX-000101,2024-04-23 10:20:00,C-00063,Ropa,Camisa Clásica,35.0,1,0.0,35.0,Online,Tarjeta,Barcelona,4.2,False,2024,4,Abril,T2,Martes,False,17,35.0
TX-000102,2024-04-24 11:00:00,C-00037,Alimentación,Chocolate Artesanal,6.0,1,0.0,6.0,Tienda física,Tarjeta,Sevilla,4.2,False,2024,4,Abril,T2,Miércoles,False,17,6.0
TX-000103,2024-04-24 13:00:00,C-00075,Alimentación,Miel Orgánica,8.0,2,0.26,11.84,Tienda física,Bizum,Madrid,4.0,False,2024,4,Abril,T2,Miércoles,False,17,5.92
TX-000104,2024-04-25 14:45:00,C-00050,Hogar,Purificador de Aire,159.0,2,0.0,318.0,Tienda física,Tarjeta,Madrid,3.3,False,2024,4,Abril,T2,Jueves,False,17,159.0
TX-000105,2024-04-25 18:25:00,C-00018,Hogar,Purificador de Aire,159.0,2,0.0,318.0,Online,Tarjeta,Madrid,4.6,False,2024,4,Abril,T2,Jueves,False,17,159.0
TX-000106,2024-04-25 21:25:00,C-00024,Hogar,Set Sartenes Antiadherentes,79.0,5,0.18,323.9,Online,Bizum,Málaga,4.2,False,2024,4,Abril,T2,Jueves,False,17,64.78
TX-000107,2024-04-27 10:30:00,C-00093,Hogar,Purificador de Aire,159.0,1,0.0,159.0,Online,PayPal,Madrid,4.1,False,2024,4,Abril,T2,Sábado,True,17,159.0
TX-000108,2024-04-27 14:05:00,C-00055,Deportes,Mancuernas Ajustables,149.0,1,0.0,149.0,Tienda física,Tarjeta,Bilbao,4.1,False,2024,4,Abril,T2,Sábado,True,17,149.0
TX-000109,2024-04-28 12:00:00,C-00077,Ropa,Sudadera Premium,49.0,1,0.0,49.0,Online,Tarjeta,Valencia,4.0,False,2024,4,Abril,T2,Domingo,True,17,49.0
TX-000110,2024-04-28 13:30:00,C-00047,Electrónica,Tablet Pro 11,449.0,1,0.23,345.73,Tienda física,PayPal,Madrid,3.7,False,2024,4,Abril,T2,Domingo,True,17,345.73
TX-000111,2024-04-29 12:35:00,C-00077,Alimentación,Aceite de Oliva Extra,12.0,1,0.0,12.0,Online,Tarjeta,Madrid,5.0,False,2024,4,Abril,T2,Lunes,False,18,12.0
TX-000112,2024-04-30 16:55:00,C-00097,Alimentación,Café en Grano 1kg,14.0,5,0.0,70.0,Online,PayPal,Sevilla,3.6,False,2024,4,Abril,T2,Martes,False,18,14.0
TX-000113,2024-05-02 12:25:00,C-00081,Hogar,Lámpara Inteligente,45.0,1,0.0,45.0,Tienda física,PayPal,Madrid,4.6,False,2024,5,Mayo,T2,Jueves,False,18,45.0
TX-000114,2024-05-04 11:35:00,C-00077,Hogar,Robot Aspirador,299.0,2,0.0,598.0,Online,Tarjeta,Madrid,4.3,False,2024,5,Mayo,T2,Sábado,True,18,299.0
TX-000115,2024-05-05 09:30:00,C-00077,Electrónica,Smartphone Galaxy X,699.0,2,0.0,1398.0,Online,Tarjeta,Madrid,4.4,False,2024,5,Mayo,T2,Domingo,True,18,699.0
TX-000116,2024-05-05 10:25:00,C-00021,Deportes,Esterilla Yoga Pro,29.0,3,0.0,87.0,Tienda física,Efectivo,Valencia,4.6,False,2024,5,Mayo,T2,Domingo,True,18,29.0
TX-000117,2024-05-05 12:55:00,C-00060,Deportes,Mancuernas Ajustables,149.0,4,0.0,596.0,Online,Tarjeta,Sevilla,5.0,False,2024,5,Mayo,T2,Domingo,True,18,149.0
TX-000118,2024-05-07 13:10:00,C-00088,Libros,Manual de Python,39.0,3,0.2,93.6,Online,Tarjeta,Barcelona,4.5,False,2024,5,Mayo,T2,Martes,False,19,31.2
TX-000119,2024-05-07 13:10:00,C-00020,Alimentación,Té Verde Premium,9.0,4,0.0,36.0,Online,Efectivo,Barcelona,4.0,False,2024,5,Mayo,T2,Martes,False,19,9.0
TX-000120,2024-05-08 15:45:00,C-00077,Electrónica,Auriculares Inalámbricos,129.0,1,0.0,129.0,Online,Tarjeta,Málaga,3.8,False,2024,5,Mayo,T2,Miércoles,False,19,129.0
TX-000121,2024-05-10 11:10:00,C-00097,Electrónica,Auriculares Inalámbricos,129.0,1,0.1,116.1,Tienda física,Bizum,Madrid,4.5,False,2024,5,Mayo,T2,Viernes,False,19,116.1
TX-000122,2024-05-10 13:25:00,C-00075,Ropa,Sudadera Premium,49.0,1,0.0,49.0,Tienda física,Tarjeta,Málaga,3.1,False,2024,5,Mayo,T2,Viernes,False,19,49.0
TX-000123,2024-05-11 10:15:00,C-00095,Alimentación,Aceite de Oliva Extra,12.0,1,0.0,12.0,Online,Tarjeta,Barcelona,3.6,False,2024,5,Mayo,T2,Sábado,True,19,12.0
TX-000124,2024-05-12 13:55:00,C-00085,Ropa,Sudadera Premium,49.0,3,0.0,147.0,Tienda física,Tarjeta,Madrid,3.7,False,2024,5,Mayo,T2,Domingo,True,19,49.0
TX-000125,2024-05-12 17:10:00,C-00088,Alimentación,Miel Orgánica,8.0,1,0.0,8.0,Tienda física,PayPal,Sevilla,3.7,False,2024,5,Mayo,T2,Domingo,True,19,8.0
TX-000126,2024-05-12 19:10:00,C-00088,Libros,Libro de Cocina,28.0,1,0.0,28.0,Online,Tarjeta,Sevilla,4.2,False,2024,5,Mayo,T2,Domingo,True,19,28.0
TX-000127,2024-05-12 19:25:00,C-00068,Hogar,Purificador de Aire,159.0,3,0.0,477.0,Online,Tarjeta,Valencia,3.7,False,2024,5,Mayo,T2,Domingo,True,19,159.0
TX-000128,2024-05-12 21:50:00,C-00077,Alimentación,Miel Orgánica,8.0,4,0.0,32.0,Tienda física,Tarjeta,Madrid,3.2,False,2024,5,Mayo,T2,Domingo,True,19,8.0
TX-000129,2024-05-13 13:45:00,C-00092,Hogar,Robot Aspirador,299.0,2,0.0,598.0,Online,Efectivo,Valencia,4.0,False,2024,5,Mayo,T2,Lunes,False,20,299.0
TX-000130,2024-05-15 12:30:00,C-00079,Deportes,Bicicleta Estática,349.0,3,0.21,827.13,Online,Bizum,Valencia,3.2,False,2024,5,Mayo,T2,Miércoles,False,20,275.71
TX-000131,2024-05-15 13:25:00,C-00075,Ropa,Vaqueros Slim,59.0,4,0.0,236.0,Tienda física,Efectivo,Madrid,4.0,False,2024,5,Mayo,T2,Miércoles,False,20,59.0
TX-000132,2024-05-15 14:40:00,C-00097,Hogar,Cafetera Espresso,189.0,1,0.0,189.0,Tienda física,Tarjeta,Barcelona,3.6,False,2024,5,Mayo,T2,Miércoles,False,20,189.0
TX-000133,2024-05-16 16:55:00,C-00044,Alimentación,Café en Grano 1kg,14.0,2,0.0,28.0,Tienda física,Tarjeta,Bilbao,3.0,False,2024,5,Mayo,T2,Jueves,False,20,14.0
TX-000134,2024-05-17 16:55:00,C-00077,Hogar,Cafetera Espresso,189.0,2,0.0,378.0,Online,PayPal,Zaragoza,4.2,False,2024,5,Mayo,T2,Viernes,False,20,189.0
TX-000135,2024-05-17 18:25:00,C-00079,Ropa,Sudadera Premium,49.0,2,0.0,98.0,Tienda física,Bizum,Sevilla,4.4,False,2024,5,Mayo,T2,Viernes,False,20,49.0
TX-000136,2024-05-19 09:15:00,C-00077,Electrónica,Tablet Pro 11,449.0,1,0.0,449.0,Online,PayPal,Madrid,4.9,False,2024,5,Mayo,T2,Domingo,True,20,449.0
TX-000137,2024-05-19 13:50:00,C-00077,Electrónica,Tablet Pro 11,449.0,5,0.0,2245.0,Tienda física,Bizum,Bilbao,4.8,True,2024,5,Mayo,T2,Domingo,True,20,449.0
TX-000138,2024-05-21 13:30:00,C-00076,Electrónica,Auriculares Inalámbricos,129.0,1,0.0,129.0,Tienda física,Bizum,Madrid,4.3,False,2024,5,Mayo,T2,Martes,False,21,129.0
TX-000139,2024-05-21 18:50:00,C-00044,Electrónica,Tablet Pro 11,449.0,2,0.0,898.0,Online,Tarjeta,Barcelona,3.9,False,2024,5,Mayo,T2,Martes,False,21,449.0
TX-000140,2024-05-22 19:20:00,C-00077,Libros,Novela Bestseller,21.0,1,0.18,17.22,Online,Efectivo,Barcelona,3.5,False,2024,5,Mayo,T2,Miércoles,False,21,17.22
TX-000141,2024-05-23 15:15:00,C-00017,Alimentación,Aceite de Oliva Extra,12.0,2,0.0,24.0,Tienda física,Bizum,Valencia,4.5,False,2024,5,Mayo,T2,Jueves,False,21,12.0
TX-000142,2024-05-24 14:45:00,C-00066,Electrónica,Tablet Pro 11,449.0,3,0.0,1347.0,Online,Tarjeta,Madrid,3.5,False,2024,5,Mayo,T2,Viernes,False,21,449.0
TX-000143,2024-05-24 16:05:00,C-00009,Hogar,Cafetera Espresso,189.0,3,0.0,567.0,Tienda física,Bizum,Barcelona,3.7,False,2024,5,Mayo,T2,Viernes,False,21,189.0
TX-000144,2024-05-24 18:55:00,C-00077,Electrónica,Smartwatch Active,199.0,1,0.0,199.0,Tienda física,PayPal,Madrid,3.9,False,2024,5,Mayo,T2,Viernes,False,21,199.0
TX-000145,2024-05-25 16:00:00,C-00022,Ropa,Chaqueta Impermeable,89.0,1,0.0,89.0,Online,Tarjeta,Barcelona,3.6,False,2024,5,Mayo,T2,Sábado,True,21,89.0
TX-000146,2024-05-25 20:40:00,C-00001,Libros,Novela Bestseller,21.0,2,0.0,42.0,Online,PayPal,Sevilla,4.3,False,2024,5,Mayo,T2,Sábado,True,21,21.0
TX-000147,2024-05-27 16:30:00,C-00077,Electrónica,"Monitor 4K 27""",249.0,2,0.05,473.1,Tienda física,Tarjeta,Málaga,3.5,False,2024,5,Mayo,T2,Lunes,False,22,236.55
TX-000148,2024-05-30 21:30:00,C-00054,Ropa,Zapatillas Running,99.0,1,0.0,99.0,Tienda física,Efectivo,Barcelona,3.5,False,2024,5,Mayo,T2,Jueves,False,22,99.0
TX-000149,2024-05-31 10:15:00,C-00022,Ropa,Sudadera Premium,49.0,1,0.0,49.0,Tienda física,PayPal,Madrid,3.4,False,2024,5,Mayo,T2,Viernes,False,22,49.0
TX-000150,2024-06-01 09:40:00,C-00081,Deportes,Mancuernas Ajustables,149.0,4,0.0,596.0,Online,Tarjeta,Valencia,4.3,False,2024,6,Junio,T2,Sábado,True,22,149.0
TX-000151,2024-06-01 18:45:00,C-00044,Ropa,Chaqueta Impermeable,89.0,2,0.0,178.0,Online,Tarjeta,Barcelona,4.7,False,2024,6,Junio,T2,Sábado,True,22,89.0
TX-000152,2024-06-02 12:45:00,C-00024,Electrónica,Smartwatch Active,199.0,4,0.0,796.0,Online,Tarjeta,Madrid,3.2,False,2024,6,Junio,T2,Domingo,True,22,199.0
TX-000153,2024-06-02 14:30:00,C-00097,Libros,Manual de Python,39.0,1,0.0,39.0,Online,Efectivo,Barcelona,4.0,False,2024,6,Junio,T2,Domingo,True,22,39.0
TX-000154,2024-06-03 16:50:00,C-00093,Deportes,Balón Profesional,39.0,1,0.0,39.0,Online,Tarjeta,Zaragoza,3.7,False,2024,6,Junio,T2,Lunes,False,23,39.0
TX-000155,2024-06-04 19:15:00,C-00068,Hogar,Cafetera Espresso,189.0,1,0.0,189.0,Online,Tarjeta,Madrid,3.9,False,2024,6,Junio,T2,Martes,False,23,189.0
TX-000156,2024-06-07 19:50:00,C-00040,Alimentación,Aceite de Oliva Extra,12.0,2,0.0,24.0,Online,PayPal,Valencia,3.3,False,2024,6,Junio,T2,Viernes,False,23,12.0
TX-000157,2024-06-08 16:00:00,C-00053,Electrónica,Smartphone Galaxy X,699.0,2,0.0,1398.0,Online,PayPal,Madrid,4.5,False,2024,6,Junio,T2,Sábado,True,23,699.0
TX-000158,2024-06-09 11:25:00,C-00052,Alimentación,Café en Grano 1kg,14.0,1,0.0,14.0,Tienda física,Tarjeta,Bilbao,4.4,False,2024,6,Junio,T2,Domingo,True,23,14.0
TX-000159,2024-06-09 21:05:00,C-00088,Libros,Biografía Histórica,25.0,2,0.0,50.0,Online,Efectivo,Barcelona,3.5,False,2024,6,Junio,T2,Domingo,True,23,25.0
TX-000160,2024-06-10 11:50:00,C-00045,Hogar,Set Sartenes Antiadherentes,79.0,5,0.0,395.0,Online,Tarjeta,Sevilla,4.2,False,2024,6,Junio,T2,Lunes,False,24,79.0
TX-000161,2024-06-12 17:05:00,C-00068,Hogar,Robot Aspirador,299.0,2,0.0,598.0,Tienda física,Efectivo,Barcelona,4.2,False,2024,6,Junio,T2,Miércoles,False,24,299.0
TX-000162,2024-06-13 12:40:00,C-00077,Libros,Biografía Histórica,25.0,2,0.21,39.5,Online,Tarjeta,Valencia,4.2,False,2024,6,Junio,T2,Jueves,False,24,19.75
TX-000163,2024-06-14 11:05:00,C-00077,Hogar,Purificador de Aire,159.0,2,0.0,318.0,Online,Tarjeta,Sevilla,3.6,False,2024,6,Junio,T2,Viernes,False,24,159.0
TX-000164,2024-06-16 12:05:00,C-00017,Ropa,Vaqueros Slim,59.0,1,0.0,59.0,Online,Tarjeta,Zaragoza,3.7,False,2024,6,Junio,T2,Domingo,True,24,59.0
TX-000165,2024-06-16 20:55:00,C-00047,Deportes,Balón Profesional,39.0,1,0.0,39.0,Tienda física,Bizum,Barcelona,5.0,False,2024,6,Junio,T2,Domingo,True,24,39.0
TX-000166,2024-06-18 13:00:00,C-00079,Ropa,Sudadera Premium,49.0,3,0.0,147.0,Tienda física,Tarjeta,Madrid,3.9,False,2024,6,Junio,T2,Martes,False,25,49.0
TX-000167,2024-06-19 09:25:00,C-00075,Hogar,Cafetera Espresso,189.0,3,0.0,567.0,Tienda física,Tarjeta,Madrid,3.7,False,2024,6,Junio,T2,Miércoles,False,25,189.0
TX-000168,2024-06-22 09:20:00,C-00007,Hogar,Cafetera Espresso,189.0,1,0.0,189.0,Online,Bizum,Barcelona,4.5,False,2024,6,Junio,T2,Sábado,True,25,189.0
TX-000169,2024-06-22 13:40:00,C-00026,Hogar,Set Sartenes Antiadherentes,79.0,4,0.0,316.0,Online,Efectivo,Barcelona,4.2,False,2024,6,Junio,T2,Sábado,True,25,79.0
TX-000170,2024-06-23 15:30:00,C-00079,Hogar,Cafetera Espresso,189.0,2,0.19,306.18,Tienda física,PayPal,Valencia,4.1,False,2024,6,Junio,T2,Domingo,True,25,153.09
TX-000171,2024-06-25 15:50:00,C-00077,Hogar,Purificador de Aire,159.0,1,0.28,114.48,Online,Tarjeta,Barcelona,4.1,False,2024,6,Junio,T2,Martes,False,26,114.48
TX-000172,2024-06-26 18:25:00,C-00038,Alimentación,Chocolate Artesanal,6.0,1,0.0,6.0,Online,Bizum,Valencia,4.3,False,2024,6,Junio,T2,Miércoles,False,26,6.0
TX-000173,2024-06-28 21:30:00,C-00044,Deportes,Bicicleta Estática,349.0,3,0.0,1047.0,Tienda física,Efectivo,Barcelona,4.5,False,2024,6,Junio,T2,Viernes,False,26,349.0
TX-000174,2024-06-29 15:55:00,C-00005,Ropa,Sudadera Premium,49.0,5,0.0,245.0,Online,Bizum,Barcelona,2.9,False,2024,6,Junio,T2,Sábado,True,26,49.0
TX-000175,2024-06-30 18:05:00,C-00097,Ropa,Camisa Clásica,35.0,1,0.19,28.35,Online,Efectivo,Bilbao,4.3,False,2024,6,Junio,T2,Domingo,True,26,28.35
TX-000176,2024-07-02 11:50:00,C-00055,Hogar,Lámpara Inteligente,45.0,1,0.0,45.0,Online,Tarjeta,Barcelona,4.7,False,2024,7,Julio,T3,Martes,False,27,45.0
TX-000177,2024-07-02 17:10:00,C-00049,Deportes,Mancuernas Ajustables,149.0,3,0.0,447.0,Online,Bizum,Madrid,4.9,False,2024,7,Julio,T3,Martes,False,27,149.0
TX-000178,2024-07-03 19:30:00,C-00045,Libros,Manual de Python,39.0,1,0.0,39.0,Online,Efectivo,Málaga,3.1,False,2024,7,Julio,T3,Miércoles,False,27,39.0
TX-000179,2024-07-04 13:45:00,C-00041,Electrónica,Smartwatch Active,199.0,3,0.0,597.0,Tienda física,PayPal,Madrid,4.1,False,2024,7,Julio,T3,Jueves,False,27,199.0
TX-000180,2024-07-04 15:30:00,C-00078,Ropa,Camisa Clásica,35.0,4,0.0,140.0,Online,Efectivo,Madrid,3.3,False,2024,7,Julio,T3,Jueves,False,27,35.0
TX-000181,2024-07-04 15:50:00,C-00054,Hogar,Robot Aspirador,299.0,1,0.0,299.0,Online,Tarjeta,Valencia,4.0,False,2024,7,Julio,T3,Jueves,False,27,299.0
TX-000182,2024-07-07 14:30:00,C-00077,Alimentación,Té Verde Premium,9.0,1,0.06,8.46,Tienda física,Tarjeta,Madrid,4.4,False,2024,7,Julio,T3,Domingo,True,27,8.46
TX-000183,2024-07-09 17:10:00,C-00092,Ropa,Vaqueros Slim,59.0,1,0.09,53.69,Tienda física,Bizum,Valencia,3.6,False,2024,7,Julio,T3,Martes,False,28,53.69
TX-000184,2024-07-14 18:50:00,C-00055,Hogar,Robot Aspirador,299.0,2,0.0,598.0,Online,Tarjeta,Sevilla,3.5,False,2024,7,Julio,T3,Domingo,True,28,299.0
TX-000185,2024-07-15 14:00:00,C-00093,Ropa,Vaqueros Slim,59.0,3,0.0,177.0,Tienda física,Tarjeta,Sevilla,4.6,False,2024,7,Julio,T3,Lunes,False,29,59.0
TX-000186,2024-07-16 10:10:00,C-00097,Electrónica,Auriculares Inalámbricos,129.0,1,0.0,129.0,Online,Bizum,Barcelona,3.6,False,2024,7,Julio,T3,Martes,False,29,129.0
TX-000187,2024-07-22 17:00:00,C-00002,Hogar,Cafetera Espresso,189.0,1,0.0,189.0,Tienda física,PayPal,Sevilla,3.5,False,2024,7,Julio,T3,Lunes,False,30,189.0
TX-000188,2024-07-24 11:25:00,C-00031,Electrónica,Tablet Pro 11,449.0,2,0.0,898.0,Online,Tarjeta,Málaga,3.2,False,2024,7,Julio,T3,Miércoles,False,30,449.0
TX-000189,2024-07-24 11:50:00,C-00020,Electrónica,Portátil UltraBook 15,1099.0,1,0.0,1099.0,Online,Tarjeta,Sevilla,4.2,False,2024,7,Julio,T3,Miércoles,False,30,1099.0
TX-000190,2024-07-25 13:50:00,C-00093,Libros,Biografía Histórica,25.0,3,0.0,75.0,Online,Tarjeta,Madrid,4.0,False,2024,7,Julio,T3,Jueves,False,30,25.0
TX-000191,2024-07-26 09:40:00,C-00077,Electrónica,Smartphone Galaxy X,699.0,1,0.12,615.12,Online,PayPal,Sevilla,3.9,False,2024,7,Julio,T3,Viernes,False,30,615.12
TX-000192,2024-07-26 09:45:00,C-00077,Deportes,Esterilla Yoga Pro,29.0,3,0.13,75.69,Online,Tarjeta,Barcelona,3.5,False,2024,7,Julio,T3,Viernes,False,30,25.23
TX-000193,2024-07-28 09:55:00,C-00095,Alimentación,Aceite de Oliva Extra,12.0,3,0.0,36.0,Online,Tarjeta,Sevilla,3.8,False,2024,7,Julio,T3,Domingo,True,30,12.0
TX-000194,2024-07-28 15:55:00,C-00075,Libros,Novela Bestseller,21.0,1,0.11,18.69,Tienda física,PayPal,Valencia,2.5,False,2024,7,Julio,T3,Domingo,True,30,18.69
TX-000195,2024-07-28 19:10:00,C-00031,Electrónica,Tablet Pro 11,449.0,3,0.0,1347.0,Online,Tarjeta,Sevilla,4.0,False,2024,7,Julio,T3,Domingo,True,30,449.0
TX-000196,2024-07-29 18:10:00,C-00068,Electrónica,Smartwatch Active,199.0,1,0.0,199.0,Online,PayPal,Madrid,4.8,False,2024,7,Julio,T3,Lunes,False,31,199.0
TX-000197,2024-07-30 10:30:00,C-00044,Electrónica,Auriculares Inalámbricos,129.0,1,0.0,129.0,Online,Tarjeta,Barcelona,4.0,False,2024,7,Julio,T3,Martes,False,31,129.0
TX-000198,2024-07-30 12:40:00,C-00077,Ropa,Zapatillas Running,99.0,4,0.14,340.56,Online,PayPal,Zaragoza,4.1,False,2024,7,Julio,T3,Martes,False,31,85.14
TX-000199,2024-08-01 10:50:00,C-00097,Libros,Manual de Python,39.0,2,0.0,78.0,Online,Tarjeta,Madrid,4.1,False,2024,8,Agosto,T3,Jueves,False,31,39.0
TX-000200,2024-08-01 11:20:00,C-00054,Hogar,Cafetera Espresso,189.0,2,0.0,378.0,Tienda física,Tarjeta,Barcelona,3.8,False,2024,8,Agosto,T3,Jueves,False,31,189.0
TX-000201,2024-08-01 15:20:00,C-00024,Ropa,Chaqueta Impermeable,89.0,1,0.0,89.0,Online,Tarjeta,Barcelona,2.7,False,2024,8,Agosto,T3,Jueves,False,31,89.0
TX-000202,2024-08-02 16:20:00,C-00077,Libros,Biografía Histórica,25.0,2,0.0,50.0,Tienda física,Efectivo,Barcelona,3.5,False,2024,8,Agosto,T3,Viernes,False,31,25.0
TX-000203,2024-08-04 12:20:00,C-00099,Alimentación,Miel Orgánica,8.0,1,0.0,8.0,Tienda física,PayPal,Bilbao,4.0,False,2024,8,Agosto,T3,Domingo,True,31,8.0
TX-000204,2024-08-04 13:05:00,C-00019,Ropa,Camisa Clásica,35.0,3,0.0,105.0,Online,Tarjeta,Valencia,3.8,False,2024,8,Agosto,T3,Domingo,True,31,35.0
TX-000205,2024-08-04 20:20:00,C-00007,Hogar,Cafetera Espresso,189.0,3,0.0,567.0,Online,Tarjeta,Málaga,4.3,False,2024,8,Agosto,T3,Domingo,True,31,189.0
TX-000206,2024-08-05 09:35:00,C-00070,Ropa,Vaqueros Slim,59.0,3,0.0,177.0,Tienda física,Bizum,Valencia,4.7,False,2024,8,Agosto,T3,Lunes,False,32,59.0
TX-000207,2024-08-06 18:10:00,C-00088,Electrónica,Smartphone Galaxy X,699.0,1,0.0,699.0,Online,Bizum,Madrid,3.6,False,2024,8,Agosto,T3,Martes,False,32,699.0
TX-000208,2024-08-07 12:25:00,C-00006,Hogar,Robot Aspirador,299.0,1,0.0,299.0,Tienda física,Tarjeta,Valencia,4.1,False,2024,8,Agosto,T3,Miércoles,False,32,299.0
TX-000209,2024-08-09 13:45:00,C-00040,Electrónica,"Monitor 4K 27""",249.0,1,0.16,209.16,Online,Bizum,Barcelona,4.7,False,2024,8,Agosto,T3,Viernes,False,32,209.16
TX-000210,2024-08-10 11:20:00,C-00012,Deportes,Set Bandas Elásticas,19.0,3,0.0,57.0,Online,PayPal,Madrid,4.1,False,2024,8,Agosto,T3,Sábado,True,32,19.0
TX-000211,2024-08-12 20:45:00,C-00026,Deportes,Esterilla Yoga Pro,29.0,3,0.0,87.0,Online,Tarjeta,Barcelona,3.6,False,2024,8,Agosto,T3,Lunes,False,33,29.0
TX-000212,2024-08-15 20:45:00,C-00010,Alimentación,Té Verde Premium,9.0,3,0.2,21.6,Tienda física,Bizum,Madrid,4.5,False,2024,8,Agosto,T3,Jueves,False,33,7.2
TX-000213,2024-08-16 11:10:00,C-00093,Libros,Novela Bestseller,21.0,3,0.0,63.0,Online,PayPal,Sevilla,3.9,False,2024,8,Agosto,T3,Viernes,False,33,21.0
TX-000214,2024-08-17 13:40:00,C-00079,Ropa,Chaqueta Impermeable,89.0,1,0.0,89.0,Tienda física,Tarjeta,Madrid,3.4,False,2024,8,Agosto,T3,Sábado,True,33,89.0
TX-000215,2024-08-21 16:40:00,C-00084,Electrónica,Portátil UltraBook 15,1099.0,4,0.0,4396.0,Online,PayPal,Sevilla,5.0,True,2024,8,Agosto,T3,Miércoles,False,34,1099.0
TX-000216,2024-08-23 18:20:00,C-00016,Electrónica,Smartwatch Active,199.0,2,0.0,398.0,Online,Efectivo,Bilbao,3.1,False,2024,8,Agosto,T3,Viernes,False,34,199.0
TX-000217,2024-08-26 17:45:00,C-00077,Hogar,Purificador de Aire,159.0,1,0.0,159.0,Online,PayPal,Barcelona,3.5,False,2024,8,Agosto,T3,Lunes,False,35,159.0
TX-000218,2024-08-27 09:40:00,C-00088,Libros,Libro de Cocina,28.0,1,0.0,28.0,Online,Bizum,Madrid,4.5,False,2024,8,Agosto,T3,Martes,False,35,28.0
TX-000219,2024-08-27 21:20:00,C-00099,Ropa,Zapatillas Running,99.0,1,0.0,99.0,Online,PayPal,Madrid,4.6,False,2024,8,Agosto,T3,Martes,False,35,99.0
TX-000220,2024-08-30 20:00:00,C-00077,Alimentación,Café en Grano 1kg,14.0,2,0.15,23.8,Tienda física,Tarjeta,Sevilla,4.7,False,2024,8,Agosto,T3,Viernes,False,35,11.9
TX-000221,2024-08-31 12:25:00,C-00049,Alimentación,Té Verde Premium,9.0,1,0.0,9.0,Tienda física,Efectivo,Madrid,4.3,False,2024,8,Agosto,T3,Sábado,True,35,9.0
TX-000222,2024-09-01 20:35:00,C-00046,Hogar,Set Sartenes Antiadherentes,79.0,1,0.0,79.0,Online,Tarjeta,Bilbao,3.3,False,2024,9,Septiembre,T3,Domingo,True,35,79.0
TX-000223,2024-09-03 09:10:00,C-00066,Deportes,Set Bandas Elásticas,19.0,2,0.0,38.0,Tienda física,Tarjeta,Sevilla,4.3,False,2024,9,Septiembre,T3,Martes,False,36,19.0
TX-000224,2024-09-06 18:20:00,C-00026,Hogar,Robot Aspirador,299.0,3,0.18,735.54,Tienda física,Tarjeta,Madrid,4.0,False,2024,9,Septiembre,T3,Viernes,False,36,245.18
TX-000225,2024-09-06 19:35:00,C-00066,Libros,Novela Bestseller,21.0,4,0.0,84.0,Online,Tarjeta,Sevilla,3.9,False,2024,9,Septiembre,T3,Viernes,False,36,21.0
TX-000226,2024-09-08 13:45:00,C-00027,Electrónica,Smartwatch Active,199.0,1,0.0,199.0,Online,Bizum,Zaragoza,5.0,False,2024,9,Septiembre,T3,Domingo,True,36,199.0
TX-000227,2024-09-08 20:10:00,C-00045,Ropa,Sudadera Premium,49.0,2,0.0,98.0,Online,Tarjeta,Valencia,3.9,False,2024,9,Septiembre,T3,Domingo,True,36,49.0
TX-000228,2024-09-08 21:25:00,C-00088,Alimentación,Aceite de Oliva Extra,12.0,1,0.0,12.0,Tienda física,Tarjeta,Barcelona,3.9,False,2024,9,Septiembre,T3,Domingo,True,36,12.0
TX-000229,2024-09-10 14:15:00,C-00046,Ropa,Zapatillas Running,99.0,1,0.0,99.0,Tienda física,Tarjeta,Barcelona,4.7,False,2024,9,Septiembre,T3,Martes,False,37,99.0
TX-000230,2024-09-10 20:40:00,C-00045,Hogar,Robot Aspirador,299.0,3,0.26,663.78,Online,Tarjeta,Valencia,3.3,False,2024,9,Septiembre,T3,Martes,False,37,221.26
TX-000231,2024-09-11 10:10:00,C-00040,Alimentación,Chocolate Artesanal,6.0,1,0.0,6.0,Online,Tarjeta,Sevilla,2.8,False,2024,9,Septiembre,T3,Miércoles,False,37,6.0
TX-000232,2024-09-11 14:20:00,C-00054,Alimentación,Miel Orgánica,8.0,2,0.15,13.6,Online,Efectivo,Sevilla,4.9,False,2024,9,Septiembre,T3,Miércoles,False,37,6.8
TX-000233,2024-09-13 19:55:00,C-00075,Deportes,Bicicleta Estática,349.0,1,0.0,349.0,Online,Tarjeta,Madrid,3.5,False,2024,9,Septiembre,T3,Viernes,False,37,349.0
TX-000234,2024-09-14 10:25:00,C-00077,Alimentación,Té Verde Premium,9.0,1,0.0,9.0,Online,PayPal,Madrid,3.7,False,2024,9,Septiembre,T3,Sábado,True,37,9.0
TX-000235,2024-09-14 17:35:00,C-00054,Libros,Libro de Cocina,28.0,1,0.0,28.0,Online,PayPal,Madrid,3.6,False,2024,9,Septiembre,T3,Sábado,True,37,28.0
TX-000236,2024-09-14 21:25:00,C-00079,Hogar,Purificador de Aire,159.0,4,0.0,636.0,Tienda física,Tarjeta,Málaga,3.0,False,2024,9,Septiembre,T3,Sábado,True,37,159.0
TX-000237,2024-09-16 13:45:00,C-00040,Ropa,Chaqueta Impermeable,89.0,2,0.0,178.0,Online,Tarjeta,Bilbao,4.5,False,2024,9,Septiembre,T3,Lunes,False,38,89.0
TX-000238,2024-09-17 14:05:00,C-00076,Electrónica,"Monitor 4K 27""",249.0,2,0.0,498.0,Tienda física,Efectivo,Valencia,4.4,False,2024,9,Septiembre,T3,Martes,False,38,249.0
TX-000239,2024-09-18 10:30:00,C-00055,Deportes,Esterilla Yoga Pro,29.0,1,0.0,29.0,Tienda física,Tarjeta,Madrid,4.6,False,2024,9,Septiembre,T3,Miércoles,False,38,29.0
TX-000240,2024-09-20 21:30:00,C-00055,Hogar,Robot Aspirador,299.0,1,0.0,299.0,Online,Efectivo,Madrid,4.0,False,2024,9,Septiembre,T3,Viernes,False,38,299.0
TX-000241,2024-09-21 10:05:00,C-00099,Deportes,Bicicleta Estática,349.0,1,0.0,349.0,Online,Efectivo,Madrid,4.4,False,2024,9,Septiembre,T3,Sábado,True,38,349.0
TX-000242,2024-09-21 14:30:00,C-00010,Ropa,Vaqueros Slim,59.0,1,0.0,59.0,Online,PayPal,Barcelona,4.2,False,2024,9,Septiembre,T3,Sábado,True,38,59.0
TX-000243,2024-09-23 17:05:00,C-00090,Libros,Biografía Histórica,25.0,4,0.0,100.0,Tienda física,Tarjeta,Madrid,3.7,False,2024,9,Septiembre,T3,Lunes,False,39,25.0
TX-000244,2024-09-23 20:15:00,C-00099,Deportes,Esterilla Yoga Pro,29.0,4,0.0,116.0,Tienda física,Efectivo,Málaga,4.0,False,2024,9,Septiembre,T3,Lunes,False,39,29.0
TX-000245,2024-09-24 13:50:00,C-00045,Alimentación,Aceite de Oliva Extra,12.0,1,0.0,12.0,Tienda física,Efectivo,Sevilla,3.9,False,2024,9,Septiembre,T3,Martes,False,39,12.0
TX-000246,2024-09-25 11:25:00,C-00077,Deportes,Esterilla Yoga Pro,29.0,5,0.0,145.0,Online,PayPal,Sevilla,3.8,False,2024,9,Septiembre,T3,Miércoles,False,39,29.0
TX-000247,2024-09-25 18:35:00,C-00068,Electrónica,"Monitor 4K 27""",249.0,2,0.0,498.0,Tienda física,PayPal,Madrid,4.0,False,2024,9,Septiembre,T3,Miércoles,False,39,249.0
TX-000248,2024-09-25 19:25:00,C-00079,Hogar,Robot Aspirador,299.0,2,0.06,562.12,Online,PayPal,Valencia,4.4,False,2024,9,Septiembre,T3,Miércoles,False,39,281.06
TX-000249,2024-09-25 20:45:00,C-00033,Libros,Novela Bestseller,21.0,3,0.0,63.0,Online,PayPal,Sevilla,4.2,False,2024,9,Septiembre,T3,Miércoles,False,39,21.0
TX-000250,2024-09-27 17:40:00,C-00082,Electrónica,"Monitor 4K 27""",249.0,2,0.21,393.42,Online,Bizum,Madrid,3.2,False,2024,9,Septiembre,T3,Viernes,False,39,196.71
TX-000251,2024-09-28 14:30:00,C-00019,Ropa,Camisa Clásica,35.0,3,0.0,105.0,Tienda física,Efectivo,Madrid,4.2,False,2024,9,Septiembre,T3,Sábado,True,39,35.0
TX-000252,2024-09-28 20:55:00,C-00087,Alimentación,Miel Orgánica,8.0,2,0.0,16.0,Online,Bizum,Madrid,3.3,False,2024,9,Septiembre,T3,Sábado,True,39,8.0
TX-000253,2024-09-30 12:10:00,C-00049,Deportes,Balón Profesional,39.0,5,0.0,195.0,Online,Tarjeta,Zaragoza,4.2,False,2024,9,Septiembre,T3,Lunes,False,40,39.0
TX-000254,2024-10-02 15:20:00,C-00031,Ropa,Camisa Clásica,35.0,1,0.0,35.0,Online,Tarjeta,Valencia,4.0,False,2024,10,Octubre,T4,Miércoles,False,40,35.0
TX-000255,2024-10-02 20:05:00,C-00037,Alimentación,Aceite de Oliva Extra,12.0,1,0.0,12.0,Online,Bizum,Málaga,4.5,False,2024,10,Octubre,T4,Miércoles,False,40,12.0
TX-000256,2024-10-03 13:35:00,C-00040,Electrónica,Smartwatch Active,199.0,1,0.0,199.0,Online,Tarjeta,Madrid,3.8,False,2024,10,Octubre,T4,Jueves,False,40,199.0
TX-000257,2024-10-04 09:20:00,C-00049,Ropa,Vaqueros Slim,59.0,1,0.12,51.92,Online,Tarjeta,Madrid,3.9,False,2024,10,Octubre,T4,Viernes,False,40,51.92
TX-000258,2024-10-04 16:10:00,C-00043,Electrónica,"Monitor 4K 27""",249.0,1,0.28,179.28,Tienda física,Tarjeta,Barcelona,4.2,False,2024,10,Octubre,T4,Viernes,False,40,179.28
TX-000259,2024-10-05 13:40:00,C-00077,Hogar,Set Sartenes Antiadherentes,79.0,5,0.0,395.0,Online,PayPal,Valencia,3.8,False,2024,10,Octubre,T4,Sábado,True,40,79.0
TX-000260,2024-10-05 18:35:00,C-00062,Deportes,Balón Profesional,39.0,1,0.0,39.0,Online,Bizum,Madrid,3.3,False,2024,10,Octubre,T4,Sábado,True,40,39.0
TX-000261,2024-10-05 21:35:00,C-00088,Hogar,Set Sartenes Antiadherentes,79.0,3,0.0,237.0,Online,PayPal,Bilbao,4.1,False,2024,10,Octubre,T4,Sábado,True,40,79.0
TX-000262,2024-10-06 11:50:00,C-00055,Electrónica,Portátil UltraBook 15,1099.0,2,0.0,2198.0,Tienda física,Tarjeta,Madrid,4.4,True,2024,10,Octubre,T4,Domingo,True,40,1099.0
TX-000263,2024-10-06 21:35:00,C-00040,Electrónica,Smartphone Galaxy X,699.0,2,0.0,1398.0,Online,Efectivo,Madrid,4.2,False,2024,10,Octubre,T4,Domingo,True,40,699.0
TX-000264,2024-10-07 09:20:00,C-00016,Electrónica,Smartwatch Active,199.0,2,0.0,398.0,Tienda física,PayPal,Zaragoza,4.0,False,2024,10,Octubre,T4,Lunes,False,41,199.0
TX-000265,2024-10-07 17:00:00,C-00088,Electrónica,"Monitor 4K 27""",249.0,1,0.0,249.0,Tienda física,Tarjeta,Madrid,4.8,False,2024,10,Octubre,T4,Lunes,False,41,249.0
TX-000266,2024-10-07 17:40:00,C-00075,Hogar,Purificador de Aire,159.0,3,0.0,477.0,Tienda física,Bizum,Sevilla,5.0,False,2024,10,Octubre,T4,Lunes,False,41,159.0
TX-000267,2024-10-08 12:55:00,C-00077,Hogar,Lámpara Inteligente,45.0,1,0.08,41.4,Tienda física,Efectivo,Madrid,3.5,False,2024,10,Octubre,T4,Martes,False,41,41.4
TX-000268,2024-10-08 21:20:00,C-00002,Electrónica,Smartphone Galaxy X,699.0,2,0.18,1146.36,Tienda física,Bizum,Málaga,3.7,False,2024,10,Octubre,T4,Martes,False,41,573.18
TX-000269,2024-10-11 10:05:00,C-00077,Deportes,Esterilla Yoga Pro,29.0,2,0.0,58.0,Tienda física,Tarjeta,Barcelona,4.6,False,2024,10,Octubre,T4,Viernes,False,41,29.0
TX-000270,2024-10-11 18:10:00,C-00091,Libros,Libro de Cocina,28.0,2,0.07,52.08,Tienda física,Bizum,Barcelona,3.7,False,2024,10,Octubre,T4,Viernes,False,41,26.04
TX-000271,2024-10-13 10:05:00,C-00075,Ropa,Chaqueta Impermeable,89.0,2,0.0,178.0,Online,Bizum,Sevilla,4.2,False,2024,10,Octubre,T4,Domingo,True,41,89.0
TX-000272,2024-10-13 18:10:00,C-00095,Hogar,Robot Aspirador,299.0,2,0.0,598.0,Online,PayPal,Málaga,4.6,False,2024,10,Octubre,T4,Domingo,True,41,299.0
TX-000273,2024-10-15 15:25:00,C-00010,Electrónica,Auriculares Inalámbricos,129.0,2,0.0,258.0,Online,Tarjeta,Madrid,3.0,False,2024,10,Octubre,T4,Martes,False,42,129.0
TX-000274,2024-10-15 19:05:00,C-00077,Ropa,Chaqueta Impermeable,89.0,1,0.0,89.0,Tienda física,Tarjeta,Valencia,4.6,False,2024,10,Octubre,T4,Martes,False,42,89.0
TX-000275,2024-10-17 14:45:00,C-00075,Ropa,Sudadera Premium,49.0,2,0.0,98.0,Tienda física,Tarjeta,Barcelona,3.5,False,2024,10,Octubre,T4,Jueves,False,42,49.0
TX-000276,2024-10-17 21:25:00,C-00044,Hogar,Robot Aspirador,299.0,2,0.0,598.0,Tienda física,PayPal,Málaga,3.2,False,2024,10,Octubre,T4,Jueves,False,42,299.0
TX-000277,2024-10-18 21:45:00,C-00093,Deportes,Set Bandas Elásticas,19.0,1,0.0,19.0,Online,Tarjeta,Madrid,4.1,False,2024,10,Octubre,T4,Viernes,False,42,19.0
TX-000278,2024-10-19 13:35:00,C-00082,Alimentación,Miel Orgánica,8.0,2,0.0,16.0,Tienda física,Tarjeta,Barcelona,3.8,False,2024,10,Octubre,T4,Sábado,True,42,8.0
TX-000279,2024-10-19 19:25:00,C-00022,Ropa,Sudadera Premium,49.0,1,0.0,49.0,Tienda física,Tarjeta,Madrid,3.5,False,2024,10,Octubre,T4,Sábado,True,42,49.0
TX-000280,2024-10-20 18:20:00,C-00092,Electrónica,"Monitor 4K 27""",249.0,1,0.0,249.0,Tienda física,Bizum,Málaga,4.0,False,2024,10,Octubre,T4,Domingo,True,42,249.0
TX-000281,2024-10-23 09:35:00,C-00079,Hogar,Set Sartenes Antiadherentes,79.0,4,0.0,316.0,Tienda física,Tarjeta,Barcelona,3.4,False,2024,10,Octubre,T4,Miércoles,False,43,79.0
TX-000282,2024-10-23 12:45:00,C-00077,Ropa,Camisa Clásica,35.0,4,0.1,126.0,Tienda física,PayPal,Barcelona,4.5,False,2024,10,Octubre,T4,Miércoles,False,43,31.5
TX-000283,2024-10-25 14:25:00,C-00055,Alimentación,Chocolate Artesanal,6.0,5,0.0,30.0,Online,Tarjeta,Valencia,2.8,False,2024,10,Octubre,T4,Viernes,False,43,6.0
TX-000284,2024-10-26 10:40:00,C-00012,Ropa,Vaqueros Slim,59.0,3,0.0,177.0,Tienda física,Bizum,Valencia,4.5,False,2024,10,Octubre,T4,Sábado,True,43,59.0
TX-000285,2024-10-26 19:20:00,C-00055,Electrónica,Smartwatch Active,199.0,3,0.15,507.45,Tienda física,Tarjeta,Madrid,3.7,False,2024,10,Octubre,T4,Sábado,True,43,169.15
TX-000286,2024-10-29 17:10:00,C-00040,Alimentación,Té Verde Premium,9.0,5,0.0,45.0,Online,PayPal,Valencia,4.0,False,2024,10,Octubre,T4,Martes,False,44,9.0
TX-000287,2024-10-29 20:10:00,C-00044,Electrónica,Portátil UltraBook 15,1099.0,4,0.0,4396.0,Tienda física,PayPal,Bilbao,4.1,True,2024,10,Octubre,T4,Martes,False,44,1099.0
TX-000288,2024-10-29 21:10:00,C-00005,Alimentación,Aceite de Oliva Extra,12.0,3,0.17,29.88,Tienda física,Tarjeta,Málaga,4.4,False,2024,10,Octubre,T4,Martes,False,44,9.96
TX-000289,2024-10-30 17:25:00,C-00005,Ropa,Zapatillas Running,99.0,3,0.12,261.36,Online,Tarjeta,Zaragoza,4.8,False,2024,10,Octubre,T4,Miércoles,False,44,87.12
TX-000290,2024-11-03 09:45:00,C-00012,Ropa,Camisa Clásica,35.0,2,0.0,70.0,Online,Bizum,Valencia,3.4,False,2024,11,Noviembre,T4,Domingo,True,44,35.0
TX-000291,2024-11-07 18:45:00,C-00081,Electrónica,Smartphone Galaxy X,699.0,2,0.0,1398.0,Online,Tarjeta,Málaga,3.9,False,2024,11,Noviembre,T4,Jueves,False,45,699.0
TX-000292,2024-11-07 20:55:00,C-00039,Deportes,Esterilla Yoga Pro,29.0,3,0.0,87.0,Online,Tarjeta,Valencia,3.3,False,2024,11,Noviembre,T4,Jueves,False,45,29.0
TX-000293,2024-11-08 15:45:00,C-00010,Electrónica,Portátil UltraBook 15,1099.0,5,0.0,5495.0,Tienda física,Efectivo,Madrid,3.4,True,2024,11,Noviembre,T4,Viernes,False,45,1099.0
TX-000294,2024-11-09 12:10:00,C-00049,Hogar,Lámpara Inteligente,45.0,3,0.14,116.1,Tienda física,Efectivo,Madrid,4.4,False,2024,11,Noviembre,T4,Sábado,True,45,38.7
TX-000295,2024-11-09 17:10:00,C-00007,Deportes,Balón Profesional,39.0,3,0.0,117.0,Online,PayPal,Bilbao,4.0,False,2024,11,Noviembre,T4,Sábado,True,45,39.0
TX-000296,2024-11-09 17:25:00,C-00070,Ropa,Zapatillas Running,99.0,2,0.0,198.0,Online,Tarjeta,Sevilla,3.4,False,2024,11,Noviembre,T4,Sábado,True,45,99.0
TX-000297,2024-11-10 13:30:00,C-00070,Electrónica,Smartwatch Active,199.0,2,0.0,398.0,Tienda física,PayPal,Valencia,3.1,False,2024,11,Noviembre,T4,Domingo,True,45,199.0
TX-000298,2024-11-10 21:40:00,C-00010,Hogar,Cafetera Espresso,189.0,1,0.0,189.0,Online,Efectivo,Málaga,2.8,False,2024,11,Noviembre,T4,Domingo,True,45,189.0
TX-000299,2024-11-11 19:30:00,C-00010,Ropa,Zapatillas Running,99.0,2,0.0,198.0,Online,Tarjeta,Madrid,4.8,False,2024,11,Noviembre,T4,Lunes,False,46,99.0
TX-000300,2024-11-13 19:30:00,C-00077,Electrónica,Portátil UltraBook 15,1099.0,1,0.0,1099.0,Online,Efectivo,Málaga,3.5,False,2024,11,Noviembre,T4,Miércoles,False,46,1099.0
TX-000301,2024-11-13 20:15:00,C-00075,Deportes,Esterilla Yoga Pro,29.0,3,0.0,87.0,Online,Bizum,Bilbao,3.8,False,2024,11,Noviembre,T4,Miércoles,False,46,29.0
TX-000302,2024-11-13 21:25:00,C-00077,Electrónica,Tablet Pro 11,449.0,2,0.0,898.0,Tienda física,Tarjeta,Barcelona,4.3,False,2024,11,Noviembre,T4,Miércoles,False,46,449.0
TX-000303,2024-11-14 10:05:00,C-00046,Alimentación,Aceite de Oliva Extra,12.0,1,0.0,12.0,Tienda física,Tarjeta,Barcelona,4.4,False,2024,11,Noviembre,T4,Jueves,False,46,12.0
TX-000304,2024-11-14 21:45:00,C-00048,Electrónica,Auriculares Inalámbricos,129.0,1,0.0,129.0,Online,Tarjeta,Sevilla,4.1,False,2024,11,Noviembre,T4,Jueves,False,46,129.0
TX-000305,2024-11-15 11:20:00,C-00046,Hogar,Set Sartenes Antiadherentes,79.0,1,0.0,79.0,Online,PayPal,Barcelona,4.2,False,2024,11,Noviembre,T4,Viernes,False,46,79.0
TX-000306,2024-11-15 14:30:00,C-00077,Electrónica,Portátil UltraBook 15,1099.0,2,0.0,2198.0,Tienda física,Tarjeta,Zaragoza,4.1,True,2024,11,Noviembre,T4,Viernes,False,46,1099.0
TX-000307,2024-11-15 15:55:00,C-00054,Hogar,Set Sartenes Antiadherentes,79.0,4,0.0,316.0,Tienda física,Efectivo,Barcelona,4.8,False,2024,11,Noviembre,T4,Viernes,False,46,79.0
TX-000308,2024-11-16 17:50:00,C-00089,Ropa,Zapatillas Running,99.0,1,0.0,99.0,Online,Tarjeta,Málaga,3.8,False,2024,11,Noviembre,T4,Sábado,True,46,99.0
TX-000309,2024-11-18 12:25:00,C-00070,Ropa,Vaqueros Slim,59.0,1,0.0,59.0,Online,Tarjeta,Madrid,3.4,False,2024,11,Noviembre,T4,Lunes,False,47,59.0
TX-000310,2024-11-19 14:35:00,C-00022,Deportes,Bicicleta Estática,349.0,2,0.0,698.0,Online,Efectivo,Barcelona,4.3,False,2024,11,Noviembre,T4,Martes,False,47,349.0
TX-000311,2024-11-20 09:20:00,C-00012,Deportes,Esterilla Yoga Pro,29.0,1,0.0,29.0,Tienda física,Bizum,Barcelona,4.2,False,2024,11,Noviembre,T4,Miércoles,False,47,29.0
TX-000312,2024-11-21 12:40:00,C-00077,Hogar,Cafetera Espresso,189.0,1,0.0,189.0,Online,Efectivo,Valencia,4.1,False,2024,11,Noviembre,T4,Jueves,False,47,189.0
TX-000313,2024-11-21 19:00:00,C-00037,Electrónica,"Monitor 4K 27""",249.0,1,0.0,249.0,Online,Bizum,Málaga,4.9,False,2024,11,Noviembre,T4,Jueves,False,47,249.0
TX-000314,2024-11-23 13:45:00,C-00040,Hogar,Cafetera Espresso,189.0,1,0.0,189.0,Online,Tarjeta,Málaga,3.9,False,2024,11,Noviembre,T4,Sábado,True,47,189.0
TX-000315,2024-11-23 15:05:00,C-00051,Alimentación,Aceite de Oliva Extra,12.0,1,0.0,12.0,Online,Tarjeta,Madrid,4.2,False,2024,11,Noviembre,T4,Sábado,True,47,12.0
TX-000316,2024-11-25 14:40:00,C-00068,Electrónica,"Monitor 4K 27""",249.0,1,0.11,221.61,Tienda física,Efectivo,Barcelona,4.6,False,2024,11,Noviembre,T4,Lunes,False,48,221.61
TX-000317,2024-11-26 10:35:00,C-00045,Libros,Manual de Python,39.0,4,0.0,156.0,Tienda física,Efectivo,Madrid,4.4,False,2024,11,Noviembre,T4,Martes,False,48,39.0
TX-000318,2024-11-26 11:35:00,C-00077,Electrónica,Smartphone Galaxy X,699.0,3,0.2,1677.6,Tienda física,Efectivo,Madrid,3.2,True,2024,11,Noviembre,T4,Martes,False,48,559.2
TX-000319,2024-11-27 09:25:00,C-00033,Ropa,Sudadera Premium,49.0,1,0.0,49.0,Online,Bizum,Bilbao,3.7,False,2024,11,Noviembre,T4,Miércoles,False,48,49.0
TX-000320,2024-11-28 21:15:00,C-00063,Hogar,Cafetera Espresso,189.0,3,0.0,567.0,Online,Tarjeta,Barcelona,4.1,False,2024,11,Noviembre,T4,Jueves,False,48,189.0
TX-000321,2024-11-29 12:55:00,C-00068,Ropa,Vaqueros Slim,59.0,1,0.0,59.0,Online,Tarjeta,Madrid,3.5,False,2024,11,Noviembre,T4,Viernes,False,48,59.0
TX-000322,2024-11-29 17:45:00,C-00044,Electrónica,Tablet Pro 11,449.0,2,0.0,898.0,Online,PayPal,Madrid,4.1,False,2024,11,Noviembre,T4,Viernes,False,48,449.0
TX-000323,2024-12-01 15:50:00,C-00015,Ropa,Camisa Clásica,35.0,2,0.0,70.0,Online,Tarjeta,Madrid,3.6,False,2024,12,Diciembre,T4,Domingo,True,48,35.0
TX-000324,2024-12-02 11:15:00,C-00097,Libros,Novela Bestseller,21.0,5,0.0,105.0,Tienda física,Tarjeta,Madrid,4.4,False,2024,12,Diciembre,T4,Lunes,False,49,21.0
TX-000325,2024-12-03 09:50:00,C-00055,Libros,Manual de Python,39.0,1,0.21,30.81,Tienda física,PayPal,Madrid,3.7,False,2024,12,Diciembre,T4,Martes,False,49,30.81
TX-000326,2024-12-04 16:05:00,C-00062,Ropa,Vaqueros Slim,59.0,2,0.0,118.0,Online,PayPal,Barcelona,3.9,False,2024,12,Diciembre,T4,Miércoles,False,49,59.0
TX-000327,2024-12-04 21:00:00,C-00077,Alimentación,Café en Grano 1kg,14.0,5,0.0,70.0,Tienda física,Tarjeta,Barcelona,2.9,False,2024,12,Diciembre,T4,Miércoles,False,49,14.0
TX-000328,2024-12-05 19:00:00,C-00055,Hogar,Set Sartenes Antiadherentes,79.0,2,0.0,158.0,Online,Tarjeta,Valencia,4.2,False,2024,12,Diciembre,T4,Jueves,False,49,79.0
TX-000329,2024-12-06 10:55:00,C-00081,Electrónica,Smartphone Galaxy X,699.0,1,0.0,699.0,Online,PayPal,Madrid,4.0,False,2024,12,Diciembre,T4,Viernes,False,49,699.0
TX-000330,2024-12-06 17:35:00,C-00034,Electrónica,Smartphone Galaxy X,699.0,2,0.0,1398.0,Online,PayPal,Zaragoza,4.2,False,2024,12,Diciembre,T4,Viernes,False,49,699.0
TX-000331,2024-12-07 11:40:00,C-00046,Deportes,Esterilla Yoga Pro,29.0,1,0.0,29.0,Online,Tarjeta,Málaga,4.2,False,2024,12,Diciembre,T4,Sábado,True,49,29.0
TX-000332,2024-12-07 16:45:00,C-00052,Ropa,Sudadera Premium,49.0,2,0.0,98.0,Online,Tarjeta,Sevilla,3.9,False,2024,12,Diciembre,T4,Sábado,True,49,49.0
TX-000333,2024-12-08 10:25:00,C-00068,Electrónica,"Monitor 4K 27""",249.0,1,0.0,249.0,Tienda física,Tarjeta,Sevilla,4.0,False,2024,12,Diciembre,T4,Domingo,True,49,249.0
TX-000334,2024-12-08 11:25:00,C-00016,Hogar,Purificador de Aire,159.0,1,0.14,136.74,Online,PayPal,Málaga,5.0,False,2024,12,Diciembre,T4,Domingo,True,49,136.74
TX-000335,2024-12-08 18:20:00,C-00040,Ropa,Zapatillas Running,99.0,2,0.0,198.0,Online,PayPal,Barcelona,4.0,False,2024,12,Diciembre,T4,Domingo,True,49,99.0
TX-000336,2024-12-08 20:00:00,C-00026,Electrónica,Auriculares Inalámbricos,129.0,1,0.0,129.0,Online,Efectivo,Madrid,3.4,False,2024,12,Diciembre,T4,Domingo,True,49,129.0
TX-000337,2024-12-09 17:05:00,C-00063,Hogar,Lámpara Inteligente,45.0,2,0.0,90.0,Online,Efectivo,Sevilla,4.1,False,2024,12,Diciembre,T4,Lunes,False,50,45.0
TX-000338,2024-12-09 18:30:00,C-00075,Electrónica,Smartwatch Active,199.0,2,0.12,350.24,Tienda física,PayPal,Málaga,4.4,False,2024,12,Diciembre,T4,Lunes,False,50,175.12
TX-000339,2024-12-10 20:10:00,C-00047,Alimentación,Chocolate Artesanal,6.0,2,0.0,12.0,Online,Tarjeta,Barcelona,5.0,False,2024,12,Diciembre,T4,Martes,False,50,6.0
TX-000340,2024-12-10 21:40:00,C-00077,Alimentación,Té Verde Premium,9.0,1,0.0,9.0,Tienda física,Tarjeta,Madrid,4.6,False,2024,12,Diciembre,T4,Martes,False,50,9.0
TX-000341,2024-12-13 11:15:00,C-00079,Deportes,Set Bandas Elásticas,19.0,1,0.0,19.0,Online,PayPal,Madrid,5.0,False,2024,12,Diciembre,T4,Viernes,False,50,19.0
TX-000342,2024-12-14 15:35:00,C-00049,Alimentación,Aceite de Oliva Extra,12.0,2,0.0,24.0,Online,Tarjeta,Zaragoza,3.6,False,2024,12,Diciembre,T4,Sábado,True,50,12.0
TX-000343,2024-12-16 09:55:00,C-00077,Electrónica,Smartwatch Active,199.0,4,0.0,796.0,Tienda física,Tarjeta,Barcelona,3.5,False,2024,12,Diciembre,T4,Lunes,False,51,199.0
TX-000344,2024-12-16 14:05:00,C-00060,Ropa,Zapatillas Running,99.0,1,0.0,99.0,Online,PayPal,Barcelona,4.4,False,2024,12,Diciembre,T4,Lunes,False,51,99.0
TX-000345,2024-12-16 18:50:00,C-00021,Libros,Manual de Python,39.0,5,0.0,195.0,Online,Tarjeta,Valencia,2.9,False,2024,12,Diciembre,T4,Lunes,False,51,39.0
TX-000346,2024-12-16 21:35:00,C-00043,Electrónica,Portátil UltraBook 15,1099.0,3,0.0,3297.0,Tienda física,PayPal,Sevilla,4.2,True,2024,12,Diciembre,T4,Lunes,False,51,1099.0
TX-000347,2024-12-17 20:30:00,C-00048,Electrónica,Tablet Pro 11,449.0,1,0.0,449.0,Online,Tarjeta,Sevilla,4.1,False,2024,12,Diciembre,T4,Martes,False,51,449.0
TX-000348,2024-12-18 13:15:00,C-00007,Deportes,Mancuernas Ajustables,149.0,2,0.0,298.0,Online,Tarjeta,Barcelona,4.7,False,2024,12,Diciembre,T4,Miércoles,False,51,149.0
TX-000349,2024-12-18 18:10:00,C-00018,Alimentación,Té Verde Premium,9.0,1,0.0,9.0,Online,Tarjeta,Barcelona,4.8,False,2024,12,Diciembre,T4,Miércoles,False,51,9.0
TX-000350,2024-12-19 13:50:00,C-00079,Ropa,Sudadera Premium,49.0,2,0.0,98.0,Online,Tarjeta,Madrid,4.9,False,2024,12,Diciembre,T4,Jueves,False,51,49.0
TX-000351,2024-12-19 13:50:00,C-00051,Alimentación,Chocolate Artesanal,6.0,1,0.07,5.58,Tienda física,Efectivo,Madrid,3.6,False,2024,12,Diciembre,T4,Jueves,False,51,5.58
TX-000352,2024-12-19 18:20:00,C-00077,Deportes,Bicicleta Estática,349.0,3,0.0,1047.0,Online,Tarjeta,Sevilla,3.8,False,2024,12,Diciembre,T4,Jueves,False,51,349.0
TX-000353,2024-12-20 10:45:00,C-00040,Electrónica,"Monitor 4K 27""",249.0,1,0.0,249.0,Tienda física,Bizum,Sevilla,4.7,False,2024,12,Diciembre,T4,Viernes,False,51,249.0
TX-000354,2024-12-20 18:30:00,C-00069,Electrónica,"Monitor 4K 27""",249.0,2,0.24,378.48,Tienda física,Tarjeta,Sevilla,4.6,False,2024,12,Diciembre,T4,Viernes,False,51,189.24
TX-000355,2024-12-20 19:25:00,C-00075,Ropa,Camisa Clásica,35.0,5,0.0,175.0,Tienda física,PayPal,Madrid,4.1,False,2024,12,Diciembre,T4,Viernes,False,51,35.0
TX-000356,2024-12-21 12:20:00,C-00068,Ropa,Vaqueros Slim,59.0,4,0.0,236.0,Online,PayPal,Sevilla,3.4,False,2024,12,Diciembre,T4,Sábado,True,51,59.0
TX-000357,2024-12-22 09:20:00,C-00007,Libros,Novela Bestseller,21.0,1,0.0,21.0,Online,PayPal,Sevilla,4.2,False,2024,12,Diciembre,T4,Domingo,True,51,21.0
TX-000358,2024-12-23 17:55:00,C-00022,Electrónica,Auriculares Inalámbricos,129.0,2,0.3,180.6,Tienda física,Tarjeta,Sevilla,5.0,False,2024,12,Diciembre,T4,Lunes,False,52,90.3
TX-000359,2024-12-24 14:05:00,C-00060,Alimentación,Café en Grano 1kg,14.0,2,0.0,28.0,Online,Bizum,Madrid,4.3,False,2024,12,Diciembre,T4,Martes,False,52,14.0
TX-000360,2024-12-24 14:35:00,C-00079,Ropa,Chaqueta Impermeable,89.0,2,0.0,178.0,Online,PayPal,Valencia,3.5,False,2024,12,Diciembre,T4,Martes,False,52,89.0
TX-000361,2024-12-25 10:00:00,C-00079,Hogar,Purificador de Aire,159.0,1,0.0,159.0,Online,Tarjeta,Málaga,3.4,False,2024,12,Diciembre,T4,Miércoles,False,52,159.0
TX-000362,2024-12-25 21:25:00,C-00076,Electrónica,"Monitor 4K 27""",249.0,5,0.0,1245.0,Online,Tarjeta,Barcelona,5.0,False,2024,12,Diciembre,T4,Miércoles,False,52,249.0
TX-000363,2024-12-27 09:50:00,C-00075,Deportes,Balón Profesional,39.0,1,0.1,35.1,Online,PayPal,Sevilla,4.3,False,2024,12,Diciembre,T4,Viernes,False,52,35.1
TX-000364,2024-12-27 14:55:00,C-00010,Ropa,Chaqueta Impermeable,89.0,2,0.0,178.0,Online,PayPal,Sevilla,4.2,False,2024,12,Diciembre,T4,Viernes,False,52,89.0
TX-000365,2024-12-27 19:10:00,C-00022,Deportes,Mancuernas Ajustables,149.0,2,0.06,280.12,Online,Tarjeta,Sevilla,5.0,False,2024,12,Diciembre,T4,Viernes,False,52,140.06
TX-000366,2024-12-27 20:40:00,C-00011,Electrónica,Tablet Pro 11,449.0,1,0.0,449.0,Online,PayPal,Bilbao,4.6,False,2024,12,Diciembre,T4,Viernes,False,52,449.0
TX-000367,2024-12-28 09:30:00,C-00074,Ropa,Camisa Clásica,35.0,3,0.0,105.0,Online,Tarjeta,Barcelona,3.7,False,2024,12,Diciembre,T4,Sábado,True,52,35.0
TX-000368,2024-12-28 13:10:00,C-00090,Libros,Biografía Histórica,25.0,3,0.0,75.0,Online,Bizum,Madrid,3.9,False,2024,12,Diciembre,T4,Sábado,True,52,25.0
TX-000369,2024-12-29 12:40:00,C-00040,Libros,Libro de Cocina,28.0,1,0.0,28.0,Online,Tarjeta,Madrid,3.3,False,2024,12,Diciembre,T4,Domingo,True,52,28.0
TX-000370,2024-12-29 18:45:00,C-00042,Ropa,Vaqueros Slim,59.0,1,0.0,59.0,Online,PayPal,Zaragoza,4.1,False,2024,12,Diciembre,T4,Domingo,True,52,59.0
TX-000371,2024-12-29 20:50:00,C-00052,Electrónica,Smartwatch Active,199.0,2,0.09,362.18,Online,Tarjeta,Barcelona,3.2,False,2024,12,Diciembre,T4,Domingo,True,52,181.09
TX-000372,2024-12-30 11:50:00,C-00085,Electrónica,"Monitor 4K 27""",249.0,2,0.0,498.0,Online,Bizum,Sevilla,4.4,False,2024,12,Diciembre,T4,Lunes,False,1,249.0
TX-000373,2024-12-31 12:15:00,C-00075,Hogar,Lámpara Inteligente,45.0,2,0.0,90.0,Tienda física,Bizum,Bilbao,3.5,False,2024,12,Diciembre,T4,Martes,False,1,45.0
TX-000374,2024-12-31 14:00:00,C-00075,Ropa,Sudadera Premium,49.0,4,0.0,196.0,Online,Tarjeta,Barcelona,3.4,False,2024,12,Diciembre,T4,Martes,False,1,49.0
TX-000375,2025-01-02 14:10:00,C-00055,Electrónica,Smartwatch Active,199.0,1,0.21,157.21,Online,Bizum,Madrid,3.9,False,2025,1,Enero,T1,Jueves,False,1,157.21
TX-000376,2025-01-03 21:55:00,C-00088,Alimentación,Miel Orgánica,8.0,1,0.28,5.76,Online,PayPal,Madrid,4.3,False,2025,1,Enero,T1,Viernes,False,1,5.76
TX-000377,2025-01-04 16:05:00,C-00097,Hogar,Set Sartenes Antiadherentes,79.0,2,0.0,158.0,Tienda física,Tarjeta,Sevilla,3.8,False,2025,1,Enero,T1,Sábado,True,1,79.0
TX-000378,2025-01-04 21:20:00,C-00080,Electrónica,Tablet Pro 11,449.0,2,0.0,898.0,Online,Tarjeta,Barcelona,3.8,False,2025,1,Enero,T1,Sábado,True,1,449.0
TX-000379,2025-01-06 13:00:00,C-00075,Ropa,Vaqueros Slim,59.0,1,0.0,59.0,Online,Efectivo,Zaragoza,1.5,False,2025,1,Enero,T1,Lunes,False,2,59.0
TX-000380,2025-01-06 14:25:00,C-00075,Alimentación,Té Verde Premium,9.0,2,0.0,18.0,Online,Tarjeta,Madrid,3.8,False,2025,1,Enero,T1,Lunes,False,2,9.0
TX-000381,2025-01-07 16:10:00,C-00075,Ropa,Camisa Clásica,35.0,2,0.0,70.0,Online,PayPal,Málaga,3.6,False,2025,1,Enero,T1,Martes,False,2,35.0
TX-000382,2025-01-10 11:45:00,C-00040,Deportes,Balón Profesional,39.0,1,0.14,33.54,Online,Tarjeta,Málaga,2.9,False,2025,1,Enero,T1,Viernes,False,2,33.54
TX-000383,2025-01-10 17:55:00,C-00007,Hogar,Lámpara Inteligente,45.0,2,0.0,90.0,Online,PayPal,Barcelona,4.1,False,2025,1,Enero,T1,Viernes,False,2,45.0
TX-000384,2025-01-10 18:55:00,C-00006,Hogar,Purificador de Aire,159.0,2,0.0,318.0,Tienda física,Tarjeta,Sevilla,3.2,False,2025,1,Enero,T1,Viernes,False,2,159.0
TX-000385,2025-01-11 17:40:00,C-00077,Alimentación,Café en Grano 1kg,14.0,1,0.0,14.0,Online,Tarjeta,Madrid,4.8,False,2025,1,Enero,T1,Sábado,True,2,14.0
TX-000386,2025-01-12 15:10:00,C-00100,Alimentación,Miel Orgánica,8.0,1,0.0,8.0,Online,Efectivo,Sevilla,4.2,False,2025,1,Enero,T1,Domingo,True,2,8.0
TX-000387,2025-01-13 09:00:00,C-00097,Electrónica,Tablet Pro 11,449.0,1,0.0,449.0,Online,Tarjeta,Barcelona,3.8,False,2025,1,Enero,T1,Lunes,False,3,449.0
TX-000388,2025-01-13 13:45:00,C-00070,Electrónica,Smartwatch Active,199.0,1,0.0,199.0,Tienda física,Efectivo,Valencia,4.1,False,2025,1,Enero,T1,Lunes,False,3,199.0
TX-000389,2025-01-15 15:45:00,C-00010,Ropa,Zapatillas Running,99.0,2,0.1,178.2,Online,PayPal,Barcelona,3.4,False,2025,1,Enero,T1,Miércoles,False,3,89.1
TX-000390,2025-01-15 18:50:00,C-00030,Electrónica,Auriculares Inalámbricos,129.0,1,0.0,129.0,Online,Tarjeta,Valencia,4.2,False,2025,1,Enero,T1,Miércoles,False,3,129.0
TX-000391,2025-01-16 15:40:00,C-00025,Hogar,Robot Aspirador,299.0,1,0.0,299.0,Online,PayPal,Madrid,2.9,False,2025,1,Enero,T1,Jueves,False,3,299.0
TX-000392,2025-01-17 10:25:00,C-00046,Electrónica,Smartwatch Active,199.0,1,0.0,199.0,Online,PayPal,Barcelona,4.2,False,2025,1,Enero,T1,Viernes,False,3,199.0
TX-000393,2025-01-18 21:35:00,C-00054,Ropa,Vaqueros Slim,59.0,4,0.0,236.0,Online,Tarjeta,Bilbao,3.9,False,2025,1,Enero,T1,Sábado,True,3,59.0
TX-000394,2025-01-21 14:15:00,C-00063,Electrónica,"Monitor 4K 27""",249.0,5,0.0,1245.0,Online,PayPal,Madrid,4.6,False,2025,1,Enero,T1,Martes,False,4,249.0
TX-000395,2025-01-23 18:20:00,C-00077,Ropa,Vaqueros Slim,59.0,3,0.0,177.0,Tienda física,Bizum,Sevilla,4.2,False,2025,1,Enero,T1,Jueves,False,4,59.0
TX-000396,2025-01-24 11:05:00,C-00044,Hogar,Lámpara Inteligente,45.0,1,0.26,33.3,Tienda física,Tarjeta,Sevilla,3.8,False,2025,1,Enero,T1,Viernes,False,4,33.3
TX-000397,2025-01-24 12:30:00,C-00077,Electrónica,Tablet Pro 11,449.0,2,0.0,898.0,Tienda física,Tarjeta,Barcelona,4.0,False,2025,1,Enero,T1,Viernes,False,4,449.0
TX-000398,2025-01-24 17:25:00,C-00077,Hogar,Set Sartenes Antiadherentes,79.0,2,0.11,140.62,Online,PayPal,Madrid,4.0,False,2025,1,Enero,T1,Viernes,False,4,70.31
TX-000399,2025-01-25 18:55:00,C-00070,Electrónica,Smartphone Galaxy X,699.0,1,0.0,699.0,Online,Tarjeta,Barcelona,4.4,False,2025,1,Enero,T1,Sábado,True,4,699.0
TX-000400,2025-01-26 17:20:00,C-00043,Libros,Novela Bestseller,21.0,4,0.07,78.12,Online,Tarjeta,Málaga,3.6,False,2025,1,Enero,T1,Domingo,True,4,19.53
TX-000401,2025-01-27 12:05:00,C-00068,Hogar,Robot Aspirador,299.0,2,0.0,598.0,Tienda física,Tarjeta,Barcelona,4.0,False,2025,1,Enero,T1,Lunes,False,5,299.0
TX-000402,2025-01-27 13:25:00,C-00079,Electrónica,Portátil UltraBook 15,1099.0,2,0.0,2198.0,Online,Tarjeta,Valencia,4.1,True,2025,1,Enero,T1,Lunes,False,5,1099.0
TX-000403,2025-01-27 19:15:00,C-00010,Electrónica,Auriculares Inalámbricos,129.0,2,0.0,258.0,Online,PayPal,Bilbao,3.4,False,2025,1,Enero,T1,Lunes,False,5,129.0
TX-000404,2025-01-30 09:45:00,C-00062,Electrónica,Smartphone Galaxy X,699.0,4,0.0,2796.0,Online,Bizum,Sevilla,3.4,True,2025,1,Enero,T1,Jueves,False,5,699.0
TX-000405,2025-02-01 18:40:00,C-00050,Libros,Biografía Histórica,25.0,1,0.0,25.0,Online,Tarjeta,Madrid,3.7,False,2025,2,Febrero,T1,Sábado,True,5,25.0
TX-000406,2025-02-02 10:20:00,C-00033,Hogar,Robot Aspirador,299.0,1,0.0,299.0,Tienda física,Efectivo,Madrid,2.9,False,2025,2,Febrero,T1,Domingo,True,5,299.0
TX-000407,2025-02-02 14:45:00,C-00007,Electrónica,Smartphone Galaxy X,699.0,1,0.0,699.0,Online,PayPal,Barcelona,5.0,False,2025,2,Febrero,T1,Domingo,True,5,699.0
TX-000408,2025-02-05 10:35:00,C-00043,Alimentación,Chocolate Artesanal,6.0,5,0.0,30.0,Tienda física,Tarjeta,Barcelona,4.1,False,2025,2,Febrero,T1,Miércoles,False,6,6.0
TX-000409,2025-02-06 09:50:00,C-00059,Electrónica,Smartphone Galaxy X,699.0,1,0.0,699.0,Tienda física,PayPal,Málaga,3.7,False,2025,2,Febrero,T1,Jueves,False,6,699.0
TX-000410,2025-02-06 18:25:00,C-00017,Ropa,Camisa Clásica,35.0,1,0.0,35.0,Online,Tarjeta,Madrid,4.3,False,2025,2,Febrero,T1,Jueves,False,6,35.0
TX-000411,2025-02-06 20:50:00,C-00070,Hogar,Set Sartenes Antiadherentes,79.0,2,0.0,158.0,Online,PayPal,Barcelona,3.9,False,2025,2,Febrero,T1,Jueves,False,6,79.0
TX-000412,2025-02-08 21:45:00,C-00099,Electrónica,Smartphone Galaxy X,699.0,3,0.0,2097.0,Online,PayPal,Bilbao,3.4,True,2025,2,Febrero,T1,Sábado,True,6,699.0
TX-000413,2025-02-09 14:10:00,C-00040,Ropa,Camisa Clásica,35.0,1,0.0,35.0,Online,Efectivo,Málaga,4.8,False,2025,2,Febrero,T1,Domingo,True,6,35.0
TX-000414,2025-02-09 16:45:00,C-00012,Deportes,Set Bandas Elásticas,19.0,1,0.0,19.0,Tienda física,Tarjeta,Málaga,3.2,False,2025,2,Febrero,T1,Domingo,True,6,19.0
TX-000415,2025-02-13 10:35:00,C-00076,Electrónica,Smartwatch Active,199.0,2,0.0,398.0,Tienda física,Efectivo,Madrid,4.0,False,2025,2,Febrero,T1,Jueves,False,7,199.0
TX-000416,2025-02-13 12:10:00,C-00075,Electrónica,Tablet Pro 11,449.0,1,0.0,449.0,Tienda física,Efectivo,Valencia,4.1,False,2025,2,Febrero,T1,Jueves,False,7,449.0
TX-000417,2025-02-15 11:45:00,C-00063,Ropa,Sudadera Premium,49.0,3,0.26,108.78,Online,Bizum,Sevilla,4.2,False,2025,2,Febrero,T1,Sábado,True,7,36.26
TX-000418,2025-02-15 12:50:00,C-00050,Electrónica,Auriculares Inalámbricos,129.0,3,0.0,387.0,Online,Tarjeta,Valencia,4.6,False,2025,2,Febrero,T1,Sábado,True,7,129.0
TX-000419,2025-02-15 13:55:00,C-00007,Deportes,Set Bandas Elásticas,19.0,2,0.0,38.0,Tienda física,Tarjeta,Valencia,4.1,False,2025,2,Febrero,T1,Sábado,True,7,19.0
TX-000420,2025-02-16 10:45:00,C-00058,Ropa,Sudadera Premium,49.0,2,0.0,98.0,Tienda física,PayPal,Valencia,3.4,False,2025,2,Febrero,T1,Domingo,True,7,49.0
TX-000421,2025-02-19 09:15:00,C-00012,Hogar,Purificador de Aire,159.0,1,0.0,159.0,Tienda física,Efectivo,Madrid,4.0,False,2025,2,Febrero,T1,Miércoles,False,8,159.0
TX-000422,2025-02-20 20:35:00,C-00099,Ropa,Zapatillas Running,99.0,3,0.0,297.0,Online,Tarjeta,Valencia,4.2,False,2025,2,Febrero,T1,Jueves,False,8,99.0
TX-000423,2025-02-21 13:35:00,C-00010,Ropa,Zapatillas Running,99.0,3,0.0,297.0,Tienda física,Tarjeta,Valencia,4.5,False,2025,2,Febrero,T1,Viernes,False,8,99.0
TX-000424,2025-02-22 14:50:00,C-00003,Alimentación,Chocolate Artesanal,6.0,1,0.0,6.0,Tienda física,Efectivo,Valencia,3.3,False,2025,2,Febrero,T1,Sábado,True,8,6.0
TX-000425,2025-02-23 09:35:00,C-00069,Libros,Biografía Histórica,25.0,2,0.0,50.0,Online,Tarjeta,Madrid,5.0,False,2025,2,Febrero,T1,Domingo,True,8,25.0
TX-000426,2025-02-24 16:45:00,C-00077,Hogar,Cafetera Espresso,189.0,2,0.0,378.0,Online,PayPal,Málaga,4.7,False,2025,2,Febrero,T1,Lunes,False,9,189.0
TX-000427,2025-03-01 19:25:00,C-00075,Alimentación,Té Verde Premium,9.0,1,0.0,9.0,Tienda física,Tarjeta,Valencia,4.3,False,2025,3,Marzo,T1,Sábado,True,9,9.0
TX-000428,2025-03-01 19:45:00,C-00017,Electrónica,Portátil UltraBook 15,1099.0,3,0.0,3297.0,Online,Tarjeta,Madrid,3.9,True,2025,3,Marzo,T1,Sábado,True,9,1099.0
TX-000429,2025-03-02 12:00:00,C-00070,Alimentación,Chocolate Artesanal,6.0,4,0.11,21.36,Online,Bizum,Barcelona,4.0,False,2025,3,Marzo,T1,Domingo,True,9,5.34
TX-000430,2025-03-03 10:00:00,C-00077,Deportes,Set Bandas Elásticas,19.0,1,0.0,19.0,Online,Efectivo,Valencia,4.0,False,2025,3,Marzo,T1,Lunes,False,10,19.0
TX-000431,2025-03-05 14:20:00,C-00026,Hogar,Robot Aspirador,299.0,2,0.0,598.0,Tienda física,Tarjeta,Madrid,3.7,False,2025,3,Marzo,T1,Miércoles,False,10,299.0
TX-000432,2025-03-06 18:10:00,C-00088,Libros,Libro de Cocina,28.0,5,0.0,140.0,Tienda física,PayPal,Barcelona,4.4,False,2025,3,Marzo,T1,Jueves,False,10,28.0
TX-000433,2025-03-08 21:35:00,C-00040,Ropa,Camisa Clásica,35.0,1,0.0,35.0,Online,PayPal,Barcelona,3.1,False,2025,3,Marzo,T1,Sábado,True,10,35.0
TX-000434,2025-03-09 14:25:00,C-00075,Hogar,Cafetera Espresso,189.0,2,0.0,378.0,Online,Bizum,Sevilla,3.6,False,2025,3,Marzo,T1,Domingo,True,10,189.0
TX-000435,2025-03-15 19:30:00,C-00088,Hogar,Robot Aspirador,299.0,5,0.0,1495.0,Online,Tarjeta,Málaga,3.0,True,2025,3,Marzo,T1,Sábado,True,11,299.0
TX-000436,2025-03-18 17:15:00,C-00043,Libros,Biografía Histórica,25.0,4,0.13,87.0,Online,Bizum,Barcelona,4.7,False,2025,3,Marzo,T1,Martes,False,12,21.75
TX-000437,2025-03-19 14:10:00,C-00068,Libros,Biografía Histórica,25.0,1,0.0,25.0,Online,Tarjeta,Barcelona,3.6,False,2025,3,Marzo,T1,Miércoles,False,12,25.0
TX-000438,2025-03-19 14:10:00,C-00010,Libros,Biografía Histórica,25.0,4,0.0,100.0,Tienda física,Efectivo,Madrid,4.4,False,2025,3,Marzo,T1,Miércoles,False,12,25.0
TX-000439,2025-03-19 18:20:00,C-00075,Alimentación,Chocolate Artesanal,6.0,2,0.0,12.0,Tienda física,Tarjeta,Madrid,4.7,False,2025,3,Marzo,T1,Miércoles,False,12,6.0
TX-000440,2025-03-20 12:10:00,C-00077,Electrónica,Auriculares Inalámbricos,129.0,4,0.0,516.0,Online,PayPal,Madrid,4.0,False,2025,3,Marzo,T1,Jueves,False,12,129.0
TX-000441,2025-03-20 16:25:00,C-00075,Electrónica,Portátil UltraBook 15,1099.0,1,0.09,1000.09,Online,Bizum,Madrid,3.6,False,2025,3,Marzo,T1,Jueves,False,12,1000.09
TX-000442,2025-03-20 19:35:00,C-00093,Electrónica,Tablet Pro 11,449.0,1,0.0,449.0,Online,Bizum,Valencia,3.9,False,2025,3,Marzo,T1,Jueves,False,12,449.0
TX-000443,2025-03-20 21:00:00,C-00070,Ropa,Camisa Clásica,35.0,4,0.0,140.0,Online,Bizum,Madrid,4.7,False,2025,3,Marzo,T1,Jueves,False,12,35.0
TX-000444,2025-03-21 20:55:00,C-00007,Hogar,Lámpara Inteligente,45.0,3,0.0,135.0,Tienda física,Tarjeta,Madrid,3.9,False,2025,3,Marzo,T1,Viernes,False,12,45.0
TX-000445,2025-03-22 21:00:00,C-00077,Alimentación,Miel Orgánica,8.0,2,0.0,16.0,Online,Tarjeta,Valencia,3.4,False,2025,3,Marzo,T1,Sábado,True,12,8.0
TX-000446,2025-03-23 18:15:00,C-00001,Libros,Biografía Histórica,25.0,1,0.0,25.0,Online,Efectivo,Bilbao,4.5,False,2025,3,Marzo,T1,Domingo,True,12,25.0
TX-000447,2025-03-25 10:15:00,C-00045,Hogar,Cafetera Espresso,189.0,2,0.16,317.52,Online,Tarjeta,Madrid,3.4,False,2025,3,Marzo,T1,Martes,False,13,158.76
TX-000448,2025-03-25 10:35:00,C-00092,Electrónica,Smartwatch Active,199.0,2,0.0,398.0,Tienda física,Tarjeta,Valencia,4.5,False,2025,3,Marzo,T1,Martes,False,13,199.0
TX-000449,2025-03-28 09:10:00,C-00012,Ropa,Vaqueros Slim,59.0,1,0.3,41.3,Tienda física,Tarjeta,Madrid,4.9,False,2025,3,Marzo,T1,Viernes,False,13,41.3
TX-000450,2025-03-28 09:30:00,C-00075,Deportes,Bicicleta Estática,349.0,1,0.0,349.0,Tienda física,Tarjeta,Madrid,5.0,False,2025,3,Marzo,T1,Viernes,False,13,349.0
TX-000451,2025-03-28 11:25:00,C-00022,Libros,Manual de Python,39.0,1,0.0,39.0,Tienda física,Tarjeta,Zaragoza,4.2,False,2025,3,Marzo,T1,Viernes,False,13,39.0
TX-000452,2025-03-30 20:55:00,C-00095,Libros,Novela Bestseller,21.0,1,0.0,21.0,Tienda física,Tarjeta,Barcelona,3.6,False,2025,3,Marzo,T1,Domingo,True,13,21.0
TX-000453,2025-03-31 19:55:00,C-00054,Hogar,Purificador de Aire,159.0,1,0.21,125.61,Tienda física,PayPal,Barcelona,4.4,False,2025,3,Marzo,T1,Lunes,False,14,125.61
TX-000454,2025-04-01 17:30:00,C-00040,Hogar,Cafetera Espresso,189.0,3,0.0,567.0,Online,Tarjeta,Valencia,4.0,False,2025,4,Abril,T2,Martes,False,14,189.0
TX-000455,2025-04-02 09:20:00,C-00040,Alimentación,Té Verde Premium,9.0,1,0.0,9.0,Tienda física,Tarjeta,Barcelona,4.4,False,2025,4,Abril,T2,Miércoles,False,14,9.0
TX-000456,2025-04-02 12:05:00,C-00077,Deportes,Mancuernas Ajustables,149.0,1,0.15,126.65,Online,Tarjeta,Madrid,4.3,False,2025,4,Abril,T2,Miércoles,False,14,126.65
TX-000457,2025-04-02 15:35:00,C-00069,Alimentación,Miel Orgánica,8.0,1,0.0,8.0,Tienda física,Tarjeta,Valencia,3.1,False,2025,4,Abril,T2,Miércoles,False,14,8.0
TX-000458,2025-04-02 20:10:00,C-00092,Alimentación,Té Verde Premium,9.0,1,0.0,9.0,Online,PayPal,Madrid,2.7,False,2025,4,Abril,T2,Miércoles,False,14,9.0
TX-000459,2025-04-04 13:25:00,C-00077,Ropa,Sudadera Premium,49.0,1,0.0,49.0,Online,Tarjeta,Barcelona,3.5,False,2025,4,Abril,T2,Viernes,False,14,49.0
TX-000460,2025-04-06 16:05:00,C-00070,Hogar,Lámpara Inteligente,45.0,1,0.22,35.1,Online,Tarjeta,Valencia,4.3,False,2025,4,Abril,T2,Domingo,True,14,35.1
TX-000461,2025-04-07 18:45:00,C-00068,Alimentación,Café en Grano 1kg,14.0,2,0.0,28.0,Online,Tarjeta,Valencia,4.0,False,2025,4,Abril,T2,Lunes,False,15,14.0
TX-000462,2025-04-09 17:55:00,C-00016,Hogar,Purificador de Aire,159.0,4,0.13,553.32,Online,PayPal,Bilbao,4.5,False,2025,4,Abril,T2,Miércoles,False,15,138.33
TX-000463,2025-04-09 18:55:00,C-00075,Deportes,Mancuernas Ajustables,149.0,2,0.0,298.0,Tienda física,Bizum,Bilbao,3.2,False,2025,4,Abril,T2,Miércoles,False,15,149.0
TX-000464,2025-04-11 10:25:00,C-00051,Electrónica,Smartwatch Active,199.0,5,0.0,995.0,Online,PayPal,Barcelona,3.3,False,2025,4,Abril,T2,Viernes,False,15,199.0
TX-000465,2025-04-13 15:50:00,C-00033,Libros,Novela Bestseller,21.0,4,0.0,84.0,Tienda física,Efectivo,Málaga,3.6,False,2025,4,Abril,T2,Domingo,True,15,21.0
TX-000466,2025-04-13 19:30:00,C-00016,Hogar,Lámpara Inteligente,45.0,2,0.0,90.0,Tienda física,Tarjeta,Málaga,2.6,False,2025,4,Abril,T2,Domingo,True,15,45.0
TX-000467,2025-04-14 10:30:00,C-00077,Hogar,Set Sartenes Antiadherentes,79.0,2,0.0,158.0,Tienda física,Efectivo,Valencia,3.1,False,2025,4,Abril,T2,Lunes,False,16,79.0
TX-000468,2025-04-14 12:40:00,C-00037,Hogar,Robot Aspirador,299.0,2,0.12,526.24,Online,PayPal,Valencia,4.5,False,2025,4,Abril,T2,Lunes,False,16,263.12
TX-000469,2025-04-14 13:30:00,C-00075,Deportes,Bicicleta Estática,349.0,1,0.0,349.0,Tienda física,PayPal,Málaga,3.2,False,2025,4,Abril,T2,Lunes,False,16,349.0
TX-000470,2025-04-16 09:20:00,C-00100,Electrónica,Tablet Pro 11,449.0,1,0.0,449.0,Online,PayPal,Barcelona,2.9,False,2025,4,Abril,T2,Miércoles,False,16,449.0
TX-000471,2025-04-16 09:20:00,C-00059,Electrónica,Smartphone Galaxy X,699.0,4,0.0,2796.0,Online,Tarjeta,Bilbao,3.6,True,2025,4,Abril,T2,Miércoles,False,16,699.0
TX-000472,2025-04-16 09:25:00,C-00010,Hogar,Lámpara Inteligente,45.0,1,0.0,45.0,Tienda física,Tarjeta,Valencia,3.9,False,2025,4,Abril,T2,Miércoles,False,16,45.0
TX-000473,2025-04-16 15:15:00,C-00002,Electrónica,Auriculares Inalámbricos,129.0,3,0.0,387.0,Tienda física,PayPal,Madrid,5.0,False,2025,4,Abril,T2,Miércoles,False,16,129.0
TX-000474,2025-04-16 20:45:00,C-00095,Alimentación,Miel Orgánica,8.0,2,0.18,13.12,Tienda física,Bizum,Madrid,4.5,False,2025,4,Abril,T2,Miércoles,False,16,6.56
TX-000475,2025-04-16 21:10:00,C-00088,Alimentación,Café en Grano 1kg,14.0,3,0.12,36.96,Tienda física,Tarjeta,Valencia,3.7,False,2025,4,Abril,T2,Miércoles,False,16,12.32
TX-000476,2025-04-18 09:55:00,C-00033,Electrónica,Smartwatch Active,199.0,1,0.0,199.0,Online,PayPal,Madrid,4.4,False,2025,4,Abril,T2,Viernes,False,16,199.0
TX-000477,2025-04-19 11:30:00,C-00041,Alimentación,Aceite de Oliva Extra,12.0,2,0.0,24.0,Online,Bizum,Málaga,4.1,False,2025,4,Abril,T2,Sábado,True,16,12.0
TX-000478,2025-04-19 18:05:00,C-00055,Hogar,Lámpara Inteligente,45.0,1,0.09,40.95,Online,Tarjeta,Valencia,4.4,False,2025,4,Abril,T2,Sábado,True,16,40.95
TX-000479,2025-04-20 09:30:00,C-00077,Electrónica,Portátil UltraBook 15,1099.0,1,0.0,1099.0,Tienda física,Bizum,Valencia,3.4,False,2025,4,Abril,T2,Domingo,True,16,1099.0
TX-000480,2025-04-22 11:50:00,C-00099,Electrónica,Portátil UltraBook 15,1099.0,1,0.0,1099.0,Tienda física,Efectivo,Barcelona,3.6,False,2025,4,Abril,T2,Martes,False,17,1099.0
TX-000481,2025-04-23 11:25:00,C-00088,Ropa,Chaqueta Impermeable,89.0,1,0.0,89.0,Online,Tarjeta,Bilbao,3.6,False,2025,4,Abril,T2,Miércoles,False,17,89.0
TX-000482,2025-04-23 21:30:00,C-00077,Ropa,Vaqueros Slim,59.0,2,0.0,118.0,Tienda física,PayPal,Madrid,4.2,False,2025,4,Abril,T2,Miércoles,False,17,59.0
TX-000483,2025-04-24 16:30:00,C-00012,Electrónica,Tablet Pro 11,449.0,3,0.0,1347.0,Tienda física,PayPal,Madrid,4.8,False,2025,4,Abril,T2,Jueves,False,17,449.0
TX-000484,2025-04-24 20:50:00,C-00081,Electrónica,"Monitor 4K 27""",249.0,1,0.0,249.0,Online,Efectivo,Madrid,3.7,False,2025,4,Abril,T2,Jueves,False,17,249.0
TX-000485,2025-04-26 14:00:00,C-00077,Electrónica,Portátil UltraBook 15,1099.0,3,0.0,3297.0,Online,Bizum,Barcelona,4.6,True,2025,4,Abril,T2,Sábado,True,17,1099.0
TX-000486,2025-04-26 14:30:00,C-00075,Hogar,Lámpara Inteligente,45.0,2,0.0,90.0,Tienda física,Tarjeta,Barcelona,3.4,False,2025,4,Abril,T2,Sábado,True,17,45.0
TX-000487,2025-04-27 09:35:00,C-00012,Hogar,Set Sartenes Antiadherentes,79.0,1,0.0,79.0,Tienda física,Tarjeta,Barcelona,2.7,False,2025,4,Abril,T2,Domingo,True,17,79.0
TX-000488,2025-04-27 18:25:00,C-00012,Electrónica,Smartwatch Active,199.0,3,0.0,597.0,Online,Tarjeta,Madrid,3.1,False,2025,4,Abril,T2,Domingo,True,17,199.0
TX-000489,2025-05-01 14:55:00,C-00055,Electrónica,Portátil UltraBook 15,1099.0,2,0.0,2198.0,Tienda física,PayPal,Madrid,3.8,True,2025,5,Mayo,T2,Jueves,False,18,1099.0
TX-000490,2025-05-02 15:20:00,C-00049,Ropa,Sudadera Premium,49.0,3,0.0,147.0,Online,PayPal,Málaga,3.8,False,2025,5,Mayo,T2,Viernes,False,18,49.0
TX-000491,2025-05-04 11:05:00,C-00017,Electrónica,Tablet Pro 11,449.0,3,0.0,1347.0,Tienda física,Bizum,Málaga,3.6,False,2025,5,Mayo,T2,Domingo,True,18,449.0
TX-000492,2025-05-05 17:20:00,C-00067,Hogar,Set Sartenes Antiadherentes,79.0,2,0.0,158.0,Online,Tarjeta,Madrid,4.2,False,2025,5,Mayo,T2,Lunes,False,19,79.0
TX-000493,2025-05-05 20:10:00,C-00054,Alimentación,Miel Orgánica,8.0,1,0.0,8.0,Online,Tarjeta,Bilbao,4.0,False,2025,5,Mayo,T2,Lunes,False,19,8.0
TX-000494,2025-05-07 20:35:00,C-00010,Alimentación,Té Verde Premium,9.0,3,0.0,27.0,Tienda física,Efectivo,Sevilla,3.1,False,2025,5,Mayo,T2,Miércoles,False,19,9.0
TX-000495,2025-05-08 11:35:00,C-00088,Ropa,Zapatillas Running,99.0,1,0.0,99.0,Online,Tarjeta,Zaragoza,4.4,False,2025,5,Mayo,T2,Jueves,False,19,99.0
TX-000496,2025-05-08 11:35:00,C-00022,Deportes,Set Bandas Elásticas,19.0,2,0.2,30.4,Online,Tarjeta,Bilbao,3.2,False,2025,5,Mayo,T2,Jueves,False,19,15.2
TX-000497,2025-05-09 18:10:00,C-00087,Hogar,Robot Aspirador,299.0,4,0.0,1196.0,Tienda física,PayPal,Madrid,4.3,False,2025,5,Mayo,T2,Viernes,False,19,299.0
TX-000498,2025-05-12 20:35:00,C-00097,Ropa,Vaqueros Slim,59.0,2,0.0,118.0,Online,Tarjeta,Madrid,4.5,False,2025,5,Mayo,T2,Lunes,False,20,59.0
TX-000499,2025-05-13 15:55:00,C-00040,Libros,Biografía Histórica,25.0,3,0.0,75.0,Tienda física,Bizum,Sevilla,3.9,False,2025,5,Mayo,T2,Martes,False,20,25.0
TX-000500,2025-05-15 14:55:00,C-00075,Deportes,Balón Profesional,39.0,1,0.0,39.0,Online,Tarjeta,Valencia,3.9,False,2025,5,Mayo,T2,Jueves,False,20,39.0
TX-000501,2025-05-15 17:10:00,C-00075,Ropa,Vaqueros Slim,59.0,1,0.0,59.0,Online,PayPal,Barcelona,3.7,False,2025,5,Mayo,T2,Jueves,False,20,59.0
TX-000502,2025-05-16 12:35:00,C-00060,Electrónica,Smartphone Galaxy X,699.0,2,0.0,1398.0,Online,Tarjeta,Madrid,3.8,False,2025,5,Mayo,T2,Viernes,False,20,699.0
TX-000503,2025-05-16 21:25:00,C-00012,Electrónica,Tablet Pro 11,449.0,4,0.0,1796.0,Tienda física,Tarjeta,Barcelona,4.5,True,2025,5,Mayo,T2,Viernes,False,20,449.0
TX-000504,2025-05-17 11:30:00,C-00075,Electrónica,Portátil UltraBook 15,1099.0,2,0.2,1758.4,Tienda física,Efectivo,Madrid,4.7,True,2025,5,Mayo,T2,Sábado,True,20,879.2
TX-000505,2025-05-17 20:20:00,C-00055,Ropa,Chaqueta Impermeable,89.0,1,0.0,89.0,Tienda física,PayPal,Madrid,3.7,False,2025,5,Mayo,T2,Sábado,True,20,89.0
TX-000506,2025-05-18 12:50:00,C-00093,Hogar,Robot Aspirador,299.0,1,0.15,254.15,Online,Bizum,Bilbao,4.1,False,2025,5,Mayo,T2,Domingo,True,20,254.15
TX-000507,2025-05-18 15:25:00,C-00049,Alimentación,Café en Grano 1kg,14.0,1,0.0,14.0,Online,PayPal,Sevilla,2.3,False,2025,5,Mayo,T2,Domingo,True,20,14.0
TX-000508,2025-05-18 16:35:00,C-00052,Alimentación,Aceite de Oliva Extra,12.0,2,0.0,24.0,Online,Bizum,Madrid,4.9,False,2025,5,Mayo,T2,Domingo,True,20,12.0
TX-000509,2025-05-18 17:20:00,C-00097,Electrónica,"Monitor 4K 27""",249.0,2,0.0,498.0,Tienda física,Efectivo,Barcelona,4.2,False,2025,5,Mayo,T2,Domingo,True,20,249.0
TX-000510,2025-05-19 14:25:00,C-00007,Electrónica,Smartwatch Active,199.0,1,0.0,199.0,Tienda física,Tarjeta,Madrid,3.4,False,2025,5,Mayo,T2,Lunes,False,21,199.0
TX-000511,2025-05-20 15:55:00,C-00079,Electrónica,Tablet Pro 11,449.0,1,0.0,449.0,Online,Tarjeta,Bilbao,4.7,False,2025,5,Mayo,T2,Martes,False,21,449.0
TX-000512,2025-05-20 20:00:00,C-00056,Hogar,Set Sartenes Antiadherentes,79.0,2,0.0,158.0,Tienda física,Tarjeta,Madrid,3.7,False,2025,5,Mayo,T2,Martes,False,21,79.0
TX-000513,2025-05-22 11:15:00,C-00088,Electrónica,Tablet Pro 11,449.0,2,0.0,898.0,Tienda física,Tarjeta,Bilbao,4.7,False,2025,5,Mayo,T2,Jueves,False,21,449.0
TX-000514,2025-05-23 14:25:00,C-00010,Alimentación,Café en Grano 1kg,14.0,1,0.0,14.0,Tienda física,Tarjeta,Barcelona,4.4,False,2025,5,Mayo,T2,Viernes,False,21,14.0
TX-000515,2025-05-24 13:05:00,C-00086,Electrónica,"Monitor 4K 27""",249.0,1,0.0,249.0,Online,Tarjeta,Málaga,3.9,False,2025,5,Mayo,T2,Sábado,True,21,249.0
TX-000516,2025-05-25 17:55:00,C-00040,Deportes,Esterilla Yoga Pro,29.0,2,0.0,58.0,Online,Efectivo,Bilbao,5.0,False,2025,5,Mayo,T2,Domingo,True,21,29.0
TX-000517,2025-05-28 13:30:00,C-00077,Libros,Biografía Histórica,25.0,3,0.0,75.0,Tienda física,Tarjeta,Valencia,3.8,False,2025,5,Mayo,T2,Miércoles,False,22,25.0
TX-000518,2025-05-29 14:15:00,C-00049,Hogar,Set Sartenes Antiadherentes,79.0,3,0.22,184.86,Online,Tarjeta,Zaragoza,3.6,False,2025,5,Mayo,T2,Jueves,False,22,61.62
TX-000519,2025-05-29 18:00:00,C-00068,Electrónica,Auriculares Inalámbricos,129.0,1,0.0,129.0,Online,Tarjeta,Madrid,3.6,False,2025,5,Mayo,T2,Jueves,False,22,129.0
TX-000520,2025-05-29 18:15:00,C-00079,Ropa,Chaqueta Impermeable,89.0,1,0.0,89.0,Tienda física,Tarjeta,Valencia,3.2,False,2025,5,Mayo,T2,Jueves,False,22,89.0
TX-000521,2025-05-29 21:40:00,C-00048,Alimentación,Té Verde Premium,9.0,1,0.0,9.0,Tienda física,Tarjeta,Sevilla,2.9,False,2025,5,Mayo,T2,Jueves,False,22,9.0
TX-000522,2025-05-31 10:35:00,C-00021,Electrónica,Smartphone Galaxy X,699.0,1,0.0,699.0,Tienda física,Efectivo,Sevilla,3.2,False,2025,5,Mayo,T2,Sábado,True,22,699.0
TX-000523,2025-05-31 10:50:00,C-00099,Electrónica,"Monitor 4K 27""",249.0,4,0.0,996.0,Tienda física,Bizum,Madrid,3.5,False,2025,5,Mayo,T2,Sábado,True,22,249.0
TX-000524,2025-05-31 11:10:00,C-00077,Electrónica,Portátil UltraBook 15,1099.0,1,0.0,1099.0,Tienda física,Tarjeta,Valencia,4.1,False,2025,5,Mayo,T2,Sábado,True,22,1099.0
TX-000525,2025-05-31 19:20:00,C-00007,Ropa,Camisa Clásica,35.0,2,0.0,70.0,Online,Tarjeta,Valencia,4.0,False,2025,5,Mayo,T2,Sábado,True,22,35.0
TX-000526,2025-05-31 20:00:00,C-00044,Ropa,Vaqueros Slim,59.0,2,0.0,118.0,Tienda física,Bizum,Sevilla,4.1,False,2025,5,Mayo,T2,Sábado,True,22,59.0
TX-000527,2025-06-01 19:30:00,C-00040,Hogar,Lámpara Inteligente,45.0,1,0.0,45.0,Online,PayPal,Málaga,4.2,False,2025,6,Junio,T2,Domingo,True,22,45.0
TX-000528,2025-06-03 12:30:00,C-00004,Ropa,Zapatillas Running,99.0,1,0.0,99.0,Online,PayPal,Barcelona,4.2,False,2025,6,Junio,T2,Martes,False,23,99.0
TX-000529,2025-06-04 19:10:00,C-00093,Deportes,Bicicleta Estática,349.0,2,0.0,698.0,Tienda física,Tarjeta,Málaga,3.2,False,2025,6,Junio,T2,Miércoles,False,23,349.0
TX-000530,2025-06-05 16:50:00,C-00016,Alimentación,Miel Orgánica,8.0,1,0.0,8.0,Online,PayPal,Sevilla,3.6,False,2025,6,Junio,T2,Jueves,False,23,8.0
TX-000531,2025-06-07 12:05:00,C-00075,Ropa,Zapatillas Running,99.0,2,0.0,198.0,Online,Bizum,Barcelona,4.1,False,2025,6,Junio,T2,Sábado,True,23,99.0
TX-000532,2025-06-07 12:30:00,C-00033,Libros,Manual de Python,39.0,1,0.0,39.0,Online,PayPal,Barcelona,4.2,False,2025,6,Junio,T2,Sábado,True,23,39.0
TX-000533,2025-06-07 14:10:00,C-00010,Hogar,Cafetera Espresso,189.0,1,0.0,189.0,Tienda física,Tarjeta,Madrid,4.3,False,2025,6,Junio,T2,Sábado,True,23,189.0
TX-000534,2025-06-08 21:35:00,C-00075,Deportes,Esterilla Yoga Pro,29.0,1,0.0,29.0,Online,Tarjeta,Bilbao,4.2,False,2025,6,Junio,T2,Domingo,True,23,29.0
TX-000535,2025-06-09 15:30:00,C-00097,Electrónica,Tablet Pro 11,449.0,1,0.0,449.0,Online,Tarjeta,Sevilla,3.5,False,2025,6,Junio,T2,Lunes,False,24,449.0
TX-000536,2025-06-09 16:25:00,C-00075,Electrónica,Portátil UltraBook 15,1099.0,1,0.0,1099.0,Tienda física,PayPal,Zaragoza,3.4,False,2025,6,Junio,T2,Lunes,False,24,1099.0
TX-000537,2025-06-12 17:20:00,C-00040,Electrónica,"Monitor 4K 27""",249.0,1,0.0,249.0,Online,Tarjeta,Zaragoza,4.2,False,2025,6,Junio,T2,Jueves,False,24,249.0
TX-000538,2025-06-13 12:00:00,C-00076,Deportes,Set Bandas Elásticas,19.0,1,0.0,19.0,Online,Tarjeta,Bilbao,4.3,False,2025,6,Junio,T2,Viernes,False,24,19.0
TX-000539,2025-06-13 21:35:00,C-00012,Hogar,Cafetera Espresso,189.0,1,0.0,189.0,Tienda física,Bizum,Barcelona,4.3,False,2025,6,Junio,T2,Viernes,False,24,189.0
TX-000540,2025-06-14 12:45:00,C-00043,Hogar,Purificador de Aire,159.0,1,0.0,159.0,Tienda física,PayPal,Barcelona,3.2,False,2025,6,Junio,T2,Sábado,True,24,159.0
TX-000541,2025-06-14 13:05:00,C-00099,Ropa,Zapatillas Running,99.0,1,0.0,99.0,Online,Tarjeta,Madrid,3.6,False,2025,6,Junio,T2,Sábado,True,24,99.0
TX-000542,2025-06-14 15:55:00,C-00066,Libros,Manual de Python,39.0,1,0.19,31.59,Online,Tarjeta,Sevilla,4.7,False,2025,6,Junio,T2,Sábado,True,24,31.59
TX-000543,2025-06-16 09:45:00,C-00077,Electrónica,Smartphone Galaxy X,699.0,3,0.0,2097.0,Tienda física,Tarjeta,Bilbao,3.5,True,2025,6,Junio,T2,Lunes,False,25,699.0
TX-000544,2025-06-17 12:45:00,C-00097,Electrónica,Tablet Pro 11,449.0,1,0.0,449.0,Online,PayPal,Bilbao,5.0,False,2025,6,Junio,T2,Martes,False,25,449.0
TX-000545,2025-06-18 11:10:00,C-00052,Hogar,Purificador de Aire,159.0,1,0.0,159.0,Tienda física,Tarjeta,Zaragoza,4.0,False,2025,6,Junio,T2,Miércoles,False,25,159.0
TX-000546,2025-06-18 15:15:00,C-00067,Hogar,Cafetera Espresso,189.0,1,0.0,189.0,Online,Tarjeta,Zaragoza,4.1,False,2025,6,Junio,T2,Miércoles,False,25,189.0
TX-000547,2025-06-21 14:55:00,C-00085,Alimentación,Aceite de Oliva Extra,12.0,4,0.0,48.0,Tienda física,PayPal,Málaga,4.1,False,2025,6,Junio,T2,Sábado,True,25,12.0
TX-000548,2025-06-22 10:15:00,C-00077,Hogar,Purificador de Aire,159.0,3,0.0,477.0,Online,Tarjeta,Madrid,4.4,False,2025,6,Junio,T2,Domingo,True,25,159.0
TX-000549,2025-06-22 13:00:00,C-00077,Hogar,Robot Aspirador,299.0,1,0.0,299.0,Tienda física,Bizum,Valencia,4.0,False,2025,6,Junio,T2,Domingo,True,25,299.0
TX-000550,2025-06-22 21:45:00,C-00049,Alimentación,Chocolate Artesanal,6.0,3,0.0,18.0,Tienda física,Tarjeta,Barcelona,4.7,False,2025,6,Junio,T2,Domingo,True,25,6.0
TX-000551,2025-06-24 15:40:00,C-00051,Deportes,Set Bandas Elásticas,19.0,2,0.0,38.0,Tienda física,Tarjeta,Valencia,4.1,False,2025,6,Junio,T2,Martes,False,26,19.0
TX-000552,2025-06-25 17:30:00,C-00049,Electrónica,Portátil UltraBook 15,1099.0,2,0.0,2198.0,Online,Tarjeta,Zaragoza,3.7,True,2025,6,Junio,T2,Miércoles,False,26,1099.0
TX-000553,2025-06-26 18:10:00,C-00054,Electrónica,Smartwatch Active,199.0,4,0.0,796.0,Online,Tarjeta,Madrid,4.0,False,2025,6,Junio,T2,Jueves,False,26,199.0
TX-000554,2025-07-01 12:55:00,C-00048,Electrónica,Tablet Pro 11,449.0,1,0.0,449.0,Online,Tarjeta,Madrid,3.5,False,2025,7,Julio,T3,Martes,False,27,449.0
TX-000555,2025-07-01 19:55:00,C-00097,Deportes,Mancuernas Ajustables,149.0,1,0.0,149.0,Tienda física,PayPal,Málaga,4.2,False,2025,7,Julio,T3,Martes,False,27,149.0
TX-000556,2025-07-02 20:15:00,C-00040,Alimentación,Café en Grano 1kg,14.0,5,0.0,70.0,Online,Bizum,Barcelona,4.5,False,2025,7,Julio,T3,Miércoles,False,27,14.0
TX-000557,2025-07-03 10:15:00,C-00022,Hogar,Robot Aspirador,299.0,2,0.0,598.0,Tienda física,PayPal,Sevilla,4.1,False,2025,7,Julio,T3,Jueves,False,27,299.0
TX-000558,2025-07-03 13:30:00,C-00075,Libros,Libro de Cocina,28.0,2,0.0,56.0,Tienda física,PayPal,Barcelona,3.4,False,2025,7,Julio,T3,Jueves,False,27,28.0
TX-000559,2025-07-03 16:00:00,C-00077,Deportes,Mancuernas Ajustables,149.0,3,0.18,366.54,Tienda física,Tarjeta,Bilbao,4.4,False,2025,7,Julio,T3,Jueves,False,27,122.18
TX-000560,2025-07-05 11:05:00,C-00026,Alimentación,Café en Grano 1kg,14.0,4,0.0,56.0,Tienda física,Tarjeta,Sevilla,2.9,False,2025,7,Julio,T3,Sábado,True,27,14.0
TX-000561,2025-07-05 14:00:00,C-00088,Ropa,Vaqueros Slim,59.0,1,0.0,59.0,Tienda física,Tarjeta,Valencia,4.3,False,2025,7,Julio,T3,Sábado,True,27,59.0
TX-000562,2025-07-05 14:45:00,C-00055,Libros,Libro de Cocina,28.0,1,0.0,28.0,Online,Bizum,Sevilla,4.1,False,2025,7,Julio,T3,Sábado,True,27,28.0
TX-000563,2025-07-05 15:00:00,C-00075,Alimentación,Té Verde Premium,9.0,1,0.0,9.0,Tienda física,Tarjeta,Madrid,4.2,False,2025,7,Julio,T3,Sábado,True,27,9.0
TX-000564,2025-07-06 20:05:00,C-00069,Hogar,Robot Aspirador,299.0,1,0.11,266.11,Online,Efectivo,Bilbao,3.3,False,2025,7,Julio,T3,Domingo,True,27,266.11
TX-000565,2025-07-07 12:15:00,C-00059,Electrónica,Smartphone Galaxy X,699.0,1,0.09,636.09,Online,PayPal,Valencia,3.8,False,2025,7,Julio,T3,Lunes,False,28,636.09
TX-000566,2025-07-08 11:45:00,C-00095,Alimentación,Té Verde Premium,9.0,3,0.0,27.0,Online,PayPal,Madrid,3.9,False,2025,7,Julio,T3,Martes,False,28,9.0
TX-000567,2025-07-08 21:40:00,C-00099,Deportes,Bicicleta Estática,349.0,1,0.0,349.0,Tienda física,Tarjeta,Bilbao,4.0,False,2025,7,Julio,T3,Martes,False,28,349.0
TX-000568,2025-07-10 18:15:00,C-00088,Ropa,Chaqueta Impermeable,89.0,1,0.0,89.0,Tienda física,Tarjeta,Málaga,3.6,False,2025,7,Julio,T3,Jueves,False,28,89.0
TX-000569,2025-07-11 13:05:00,C-00068,Hogar,Robot Aspirador,299.0,1,0.0,299.0,Tienda física,Tarjeta,Zaragoza,3.9,False,2025,7,Julio,T3,Viernes,False,28,299.0
TX-000570,2025-07-12 21:25:00,C-00077,Electrónica,Portátil UltraBook 15,1099.0,2,0.0,2198.0,Tienda física,PayPal,Valencia,3.5,True,2025,7,Julio,T3,Sábado,True,28,1099.0
TX-000571,2025-07-13 17:05:00,C-00009,Libros,Novela Bestseller,21.0,3,0.0,63.0,Online,Tarjeta,Bilbao,3.5,False,2025,7,Julio,T3,Domingo,True,28,21.0
TX-000572,2025-07-14 12:05:00,C-00058,Hogar,Robot Aspirador,299.0,1,0.0,299.0,Online,Bizum,Sevilla,3.1,False,2025,7,Julio,T3,Lunes,False,29,299.0
TX-000573,2025-07-15 20:05:00,C-00068,Libros,Biografía Histórica,25.0,1,0.0,25.0,Online,Tarjeta,Sevilla,3.4,False,2025,7,Julio,T3,Martes,False,29,25.0
TX-000574,2025-07-16 20:05:00,C-00031,Alimentación,Té Verde Premium,9.0,2,0.15,15.3,Tienda física,Tarjeta,Madrid,4.0,False,2025,7,Julio,T3,Miércoles,False,29,7.65
TX-000575,2025-07-17 10:30:00,C-00052,Electrónica,Tablet Pro 11,449.0,3,0.0,1347.0,Tienda física,PayPal,Barcelona,4.2,False,2025,7,Julio,T3,Jueves,False,29,449.0
TX-000576,2025-07-17 19:15:00,C-00046,Electrónica,"Monitor 4K 27""",249.0,3,0.0,747.0,Online,Bizum,Madrid,3.8,False,2025,7,Julio,T3,Jueves,False,29,249.0
TX-000577,2025-07-18 13:30:00,C-00012,Ropa,Vaqueros Slim,59.0,4,0.0,236.0,Online,PayPal,Bilbao,4.7,False,2025,7,Julio,T3,Viernes,False,29,59.0
TX-000578,2025-07-19 13:55:00,C-00075,Electrónica,Smartwatch Active,199.0,4,0.0,796.0,Tienda física,Tarjeta,Barcelona,3.6,False,2025,7,Julio,T3,Sábado,True,29,199.0
TX-000579,2025-07-20 14:10:00,C-00099,Ropa,Chaqueta Impermeable,89.0,1,0.0,89.0,Tienda física,Tarjeta,Valencia,4.0,False,2025,7,Julio,T3,Domingo,True,29,89.0
TX-000580,2025-07-22 12:55:00,C-00094,Electrónica,Smartphone Galaxy X,699.0,5,0.24,2656.2,Online,Efectivo,Bilbao,4.7,True,2025,7,Julio,T3,Martes,False,30,531.24
TX-000581,2025-07-22 16:10:00,C-00068,Ropa,Sudadera Premium,49.0,1,0.0,49.0,Online,Efectivo,Bilbao,4.6,False,2025,7,Julio,T3,Martes,False,30,49.0
TX-000582,2025-07-23 16:00:00,C-00077,Alimentación,Aceite de Oliva Extra,12.0,1,0.0,12.0,Tienda física,Tarjeta,Barcelona,3.8,False,2025,7,Julio,T3,Miércoles,False,30,12.0
TX-000583,2025-07-25 19:00:00,C-00037,Electrónica,"Monitor 4K 27""",249.0,2,0.0,498.0,Tienda física,Tarjeta,Madrid,2.9,False,2025,7,Julio,T3,Viernes,False,30,249.0
TX-000584,2025-07-27 12:35:00,C-00097,Electrónica,Auriculares Inalámbricos,129.0,2,0.0,258.0,Tienda física,Tarjeta,Madrid,2.9,False,2025,7,Julio,T3,Domingo,True,30,129.0
TX-000585,2025-07-28 14:25:00,C-00054,Electrónica,Smartwatch Active,199.0,1,0.0,199.0,Tienda física,PayPal,Málaga,3.8,False,2025,7,Julio,T3,Lunes,False,31,199.0
TX-000586,2025-07-29 10:55:00,C-00074,Ropa,Zapatillas Running,99.0,1,0.0,99.0,Tienda física,Efectivo,Barcelona,3.9,False,2025,7,Julio,T3,Martes,False,31,99.0
TX-000587,2025-07-29 18:45:00,C-00075,Ropa,Camisa Clásica,35.0,4,0.12,123.2,Tienda física,Tarjeta,Málaga,3.5,False,2025,7,Julio,T3,Martes,False,31,30.8
TX-000588,2025-07-30 20:30:00,C-00051,Deportes,Mancuernas Ajustables,149.0,4,0.0,596.0,Tienda física,Bizum,Barcelona,3.6,False,2025,7,Julio,T3,Miércoles,False,31,149.0
TX-000589,2025-08-01 10:40:00,C-00049,Ropa,Sudadera Premium,49.0,3,0.0,147.0,Tienda física,Tarjeta,Madrid,4.1,False,2025,8,Agosto,T3,Viernes,False,31,49.0
TX-000590,2025-08-01 11:20:00,C-00012,Hogar,Cafetera Espresso,189.0,1,0.0,189.0,Tienda física,Efectivo,Madrid,3.6,False,2025,8,Agosto,T3,Viernes,False,31,189.0
TX-000591,2025-08-03 11:10:00,C-00012,Deportes,Balón Profesional,39.0,3,0.0,117.0,Tienda física,PayPal,Barcelona,4.5,False,2025,8,Agosto,T3,Domingo,True,31,39.0
TX-000592,2025-08-03 16:55:00,C-00055,Electrónica,Smartwatch Active,199.0,1,0.0,199.0,Online,Tarjeta,Madrid,4.2,False,2025,8,Agosto,T3,Domingo,True,31,199.0
TX-000593,2025-08-05 16:05:00,C-00069,Ropa,Vaqueros Slim,59.0,1,0.13,51.33,Online,Tarjeta,Barcelona,3.8,False,2025,8,Agosto,T3,Martes,False,32,51.33
TX-000594,2025-08-05 21:10:00,C-00049,Ropa,Zapatillas Running,99.0,1,0.0,99.0,Tienda física,Tarjeta,Valencia,3.7,False,2025,8,Agosto,T3,Martes,False,32,99.0
TX-000595,2025-08-06 20:30:00,C-00076,Alimentación,Té Verde Premium,9.0,2,0.0,18.0,Tienda física,Tarjeta,Madrid,4.1,False,2025,8,Agosto,T3,Miércoles,False,32,9.0
TX-000596,2025-08-07 15:55:00,C-00054,Libros,Manual de Python,39.0,1,0.0,39.0,Tienda física,Tarjeta,Sevilla,3.8,False,2025,8,Agosto,T3,Jueves,False,32,39.0
TX-000597,2025-08-08 17:30:00,C-00021,Ropa,Camisa Clásica,35.0,4,0.0,140.0,Tienda física,Efectivo,Madrid,4.2,False,2025,8,Agosto,T3,Viernes,False,32,35.0
TX-000598,2025-08-09 14:30:00,C-00073,Electrónica,Portátil UltraBook 15,1099.0,2,0.0,2198.0,Online,Tarjeta,Valencia,4.7,True,2025,8,Agosto,T3,Sábado,True,32,1099.0
TX-000599,2025-08-10 21:10:00,C-00081,Electrónica,Smartwatch Active,199.0,1,0.0,199.0,Online,Efectivo,Madrid,4.0,False,2025,8,Agosto,T3,Domingo,True,32,199.0
TX-000600,2025-08-13 20:30:00,C-00075,Deportes,Balón Profesional,39.0,3,0.0,117.0,Tienda física,Tarjeta,Sevilla,4.6,False,2025,8,Agosto,T3,Miércoles,False,33,39.0
TX-000601,2025-08-15 12:15:00,C-00095,Electrónica,Auriculares Inalámbricos,129.0,1,0.0,129.0,Online,PayPal,Málaga,5.0,False,2025,8,Agosto,T3,Viernes,False,33,129.0
TX-000602,2025-08-16 17:40:00,C-00075,Hogar,Cafetera Espresso,189.0,1,0.0,189.0,Online,PayPal,Madrid,4.2,False,2025,8,Agosto,T3,Sábado,True,33,189.0
TX-000603,2025-08-17 10:20:00,C-00054,Alimentación,Miel Orgánica,8.0,1,0.28,5.76,Tienda física,Tarjeta,Madrid,4.0,False,2025,8,Agosto,T3,Domingo,True,33,5.76
TX-000604,2025-08-18 09:40:00,C-00075,Alimentación,Té Verde Premium,9.0,3,0.0,27.0,Online,Tarjeta,Barcelona,4.0,False,2025,8,Agosto,T3,Lunes,False,34,9.0
TX-000605,2025-08-19 13:10:00,C-00033,Alimentación,Chocolate Artesanal,6.0,2,0.14,10.32,Online,Tarjeta,Madrid,5.0,False,2025,8,Agosto,T3,Martes,False,34,5.16
TX-000606,2025-08-19 19:35:00,C-00075,Hogar,Cafetera Espresso,189.0,5,0.0,945.0,Online,Tarjeta,Málaga,3.9,False,2025,8,Agosto,T3,Martes,False,34,189.0
TX-000607,2025-08-20 15:50:00,C-00077,Ropa,Sudadera Premium,49.0,1,0.0,49.0,Tienda física,PayPal,Madrid,4.5,False,2025,8,Agosto,T3,Miércoles,False,34,49.0
TX-000608,2025-08-21 16:35:00,C-00073,Electrónica,Smartwatch Active,199.0,1,0.0,199.0,Online,Tarjeta,Zaragoza,3.8,False,2025,8,Agosto,T3,Jueves,False,34,199.0
TX-000609,2025-08-23 16:35:00,C-00077,Alimentación,Té Verde Premium,9.0,4,0.23,27.72,Tienda física,Efectivo,Madrid,3.6,False,2025,8,Agosto,T3,Sábado,True,34,6.93
TX-000610,2025-08-23 18:55:00,C-00075,Electrónica,Portátil UltraBook 15,1099.0,1,0.0,1099.0,Online,Tarjeta,Sevilla,4.1,False,2025,8,Agosto,T3,Sábado,True,34,1099.0
TX-000611,2025-08-26 09:10:00,C-00010,Electrónica,Auriculares Inalámbricos,129.0,2,0.0,258.0,Tienda física,PayPal,Valencia,3.2,False,2025,8,Agosto,T3,Martes,False,35,129.0
TX-000612,2025-08-26 11:45:00,C-00055,Ropa,Sudadera Premium,49.0,1,0.0,49.0,Tienda física,Efectivo,Valencia,4.0,False,2025,8,Agosto,T3,Martes,False,35,49.0
TX-000613,2025-08-26 18:20:00,C-00069,Electrónica,Smartwatch Active,199.0,1,0.0,199.0,Online,Bizum,Bilbao,4.4,False,2025,8,Agosto,T3,Martes,False,35,199.0
TX-000614,2025-08-26 21:10:00,C-00051,Electrónica,Auriculares Inalámbricos,129.0,3,0.0,387.0,Online,Bizum,Valencia,3.7,False,2025,8,Agosto,T3,Martes,False,35,129.0
TX-000615,2025-08-27 12:00:00,C-00022,Alimentación,Té Verde Premium,9.0,5,0.0,45.0,Tienda física,Tarjeta,Sevilla,3.9,False,2025,8,Agosto,T3,Miércoles,False,35,9.0
TX-000616,2025-08-27 15:15:00,C-00092,Hogar,Set Sartenes Antiadherentes,79.0,1,0.0,79.0,Online,PayPal,Madrid,3.8,False,2025,8,Agosto,T3,Miércoles,False,35,79.0
TX-000617,2025-08-28 13:20:00,C-00005,Deportes,Mancuernas Ajustables,149.0,1,0.0,149.0,Tienda física,Tarjeta,Zaragoza,3.9,False,2025,8,Agosto,T3,Jueves,False,35,149.0
TX-000618,2025-08-30 09:50:00,C-00010,Ropa,Camisa Clásica,35.0,3,0.21,82.95,Tienda física,Tarjeta,Valencia,3.8,False,2025,8,Agosto,T3,Sábado,True,35,27.65
TX-000619,2025-08-30 18:50:00,C-00079,Electrónica,Smartwatch Active,199.0,1,0.0,199.0,Tienda física,PayPal,Madrid,4.3,False,2025,8,Agosto,T3,Sábado,True,35,199.0
TX-000620,2025-08-30 21:20:00,C-00075,Hogar,Lámpara Inteligente,45.0,4,0.0,180.0,Tienda física,Tarjeta,Valencia,3.7,False,2025,8,Agosto,T3,Sábado,True,35,45.0
TX-000621,2025-08-31 15:50:00,C-00077,Ropa,Sudadera Premium,49.0,5,0.29,173.95,Tienda física,PayPal,Madrid,4.0,False,2025,8,Agosto,T3,Domingo,True,35,34.79
TX-000622,2025-08-31 16:20:00,C-00002,Hogar,Lámpara Inteligente,45.0,5,0.0,225.0,Online,Bizum,Málaga,4.8,False,2025,8,Agosto,T3,Domingo,True,35,45.0
TX-000623,2025-08-31 18:05:00,C-00044,Electrónica,Portátil UltraBook 15,1099.0,1,0.18,901.18,Online,Bizum,Zaragoza,4.6,False,2025,8,Agosto,T3,Domingo,True,35,901.18
TX-000624,2025-08-31 20:00:00,C-00075,Ropa,Zapatillas Running,99.0,1,0.08,91.08,Online,Efectivo,Bilbao,3.9,False,2025,8,Agosto,T3,Domingo,True,35,91.08
TX-000625,2025-09-01 09:45:00,C-00025,Libros,Libro de Cocina,28.0,2,0.0,56.0,Tienda física,PayPal,Zaragoza,4.4,False,2025,9,Septiembre,T3,Lunes,False,36,28.0
TX-000626,2025-09-01 11:55:00,C-00077,Electrónica,Tablet Pro 11,449.0,1,0.0,449.0,Tienda física,Bizum,Zaragoza,4.2,False,2025,9,Septiembre,T3,Lunes,False,36,449.0
TX-000627,2025-09-01 12:25:00,C-00079,Hogar,Robot Aspirador,299.0,4,0.13,1040.52,Online,Tarjeta,Málaga,4.0,False,2025,9,Septiembre,T3,Lunes,False,36,260.13
TX-000628,2025-09-02 14:55:00,C-00077,Alimentación,Miel Orgánica,8.0,4,0.0,32.0,Tienda física,Tarjeta,Valencia,3.4,False,2025,9,Septiembre,T3,Martes,False,36,8.0
TX-000629,2025-09-02 19:20:00,C-00088,Ropa,Vaqueros Slim,59.0,3,0.0,177.0,Online,Tarjeta,Barcelona,3.7,False,2025,9,Septiembre,T3,Martes,False,36,59.0
TX-000630,2025-09-03 09:30:00,C-00033,Ropa,Camisa Clásica,35.0,1,0.0,35.0,Online,Tarjeta,Málaga,3.5,False,2025,9,Septiembre,T3,Miércoles,False,36,35.0
TX-000631,2025-09-03 13:10:00,C-00050,Libros,Novela Bestseller,21.0,3,0.07,58.59,Tienda física,Tarjeta,Madrid,3.3,False,2025,9,Septiembre,T3,Miércoles,False,36,19.53
TX-000632,2025-09-04 10:20:00,C-00010,Hogar,Lámpara Inteligente,45.0,3,0.0,135.0,Online,Tarjeta,Bilbao,3.9,False,2025,9,Septiembre,T3,Jueves,False,36,45.0
TX-000633,2025-09-04 12:40:00,C-00017,Hogar,Robot Aspirador,299.0,1,0.22,233.22,Tienda física,Tarjeta,Madrid,4.1,False,2025,9,Septiembre,T3,Jueves,False,36,233.22
TX-000634,2025-09-04 14:40:00,C-00010,Electrónica,Smartwatch Active,199.0,2,0.0,398.0,Online,Efectivo,Barcelona,3.3,False,2025,9,Septiembre,T3,Jueves,False,36,199.0
TX-000635,2025-09-04 15:05:00,C-00075,Ropa,Zapatillas Running,99.0,1,0.29,70.29,Online,Bizum,Barcelona,3.8,False,2025,9,Septiembre,T3,Jueves,False,36,70.29
TX-000636,2025-09-05 16:40:00,C-00017,Hogar,Lámpara Inteligente,45.0,3,0.0,135.0,Tienda física,PayPal,Barcelona,4.3,False,2025,9,Septiembre,T3,Viernes,False,36,45.0
TX-000637,2025-09-06 09:05:00,C-00077,Electrónica,Tablet Pro 11,449.0,3,0.0,1347.0,Online,PayPal,Barcelona,3.9,False,2025,9,Septiembre,T3,Sábado,True,36,449.0
TX-000638,2025-09-06 11:15:00,C-00076,Alimentación,Café en Grano 1kg,14.0,2,0.0,28.0,Online,Tarjeta,Madrid,3.7,False,2025,9,Septiembre,T3,Sábado,True,36,14.0
TX-000639,2025-09-06 11:20:00,C-00077,Hogar,Robot Aspirador,299.0,4,0.08,1100.32,Online,Tarjeta,Valencia,4.0,False,2025,9,Septiembre,T3,Sábado,True,36,275.08
TX-000640,2025-09-09 13:50:00,C-00077,Ropa,Sudadera Premium,49.0,2,0.0,98.0,Online,Tarjeta,Málaga,3.6,False,2025,9,Septiembre,T3,Martes,False,37,49.0
TX-000641,2025-09-11 20:05:00,C-00076,Deportes,Bicicleta Estática,349.0,1,0.0,349.0,Online,Tarjeta,Barcelona,3.9,False,2025,9,Septiembre,T3,Jueves,False,37,349.0
TX-000642,2025-09-12 10:20:00,C-00085,Alimentación,Café en Grano 1kg,14.0,2,0.0,28.0,Online,PayPal,Sevilla,3.8,False,2025,9,Septiembre,T3,Viernes,False,37,14.0
TX-000643,2025-09-13 10:25:00,C-00051,Ropa,Chaqueta Impermeable,89.0,4,0.0,356.0,Online,PayPal,Bilbao,2.8,False,2025,9,Septiembre,T3,Sábado,True,37,89.0
TX-000644,2025-09-14 15:35:00,C-00005,Electrónica,Auriculares Inalámbricos,129.0,1,0.0,129.0,Online,Tarjeta,Sevilla,3.4,False,2025,9,Septiembre,T3,Domingo,True,37,129.0
TX-000645,2025-09-14 21:00:00,C-00055,Deportes,Esterilla Yoga Pro,29.0,3,0.0,87.0,Tienda física,Bizum,Bilbao,3.0,False,2025,9,Septiembre,T3,Domingo,True,37,29.0
TX-000646,2025-09-15 12:50:00,C-00092,Deportes,Balón Profesional,39.0,1,0.19,31.59,Online,Tarjeta,Sevilla,4.9,False,2025,9,Septiembre,T3,Lunes,False,38,31.59
TX-000647,2025-09-16 13:05:00,C-00010,Ropa,Zapatillas Running,99.0,2,0.0,198.0,Tienda física,Efectivo,Sevilla,3.6,False,2025,9,Septiembre,T3,Martes,False,38,99.0
TX-000648,2025-09-16 15:50:00,C-00010,Hogar,Cafetera Espresso,189.0,3,0.0,567.0,Tienda física,PayPal,Bilbao,3.3,False,2025,9,Septiembre,T3,Martes,False,38,189.0
TX-000649,2025-09-16 17:15:00,C-00035,Electrónica,Smartwatch Active,199.0,1,0.0,199.0,Tienda física,Tarjeta,Sevilla,4.5,False,2025,9,Septiembre,T3,Martes,False,38,199.0
TX-000650,2025-09-16 20:30:00,C-00033,Hogar,Robot Aspirador,299.0,5,0.0,1495.0,Online,Tarjeta,Málaga,3.2,True,2025,9,Septiembre,T3,Martes,False,38,299.0
TX-000651,2025-09-17 20:25:00,C-00095,Hogar,Cafetera Espresso,189.0,1,0.0,189.0,Tienda física,Efectivo,Málaga,3.9,False,2025,9,Septiembre,T3,Miércoles,False,38,189.0
TX-000652,2025-09-17 21:50:00,C-00037,Ropa,Zapatillas Running,99.0,3,0.0,297.0,Online,PayPal,Madrid,4.5,False,2025,9,Septiembre,T3,Miércoles,False,38,99.0
TX-000653,2025-09-18 10:00:00,C-00077,Electrónica,Smartphone Galaxy X,699.0,3,0.0,2097.0,Online,Tarjeta,Valencia,4.2,True,2025,9,Septiembre,T3,Jueves,False,38,699.0
TX-000654,2025-09-18 13:05:00,C-00075,Hogar,Cafetera Espresso,189.0,2,0.0,378.0,Online,Tarjeta,Barcelona,3.9,False,2025,9,Septiembre,T3,Jueves,False,38,189.0
TX-000655,2025-09-18 15:35:00,C-00034,Electrónica,Smartwatch Active,199.0,2,0.17,330.34,Tienda física,Tarjeta,Zaragoza,4.3,False,2025,9,Septiembre,T3,Jueves,False,38,165.17
TX-000656,2025-09-19 12:50:00,C-00088,Ropa,Sudadera Premium,49.0,2,0.0,98.0,Online,Tarjeta,Valencia,3.7,False,2025,9,Septiembre,T3,Viernes,False,38,49.0
TX-000657,2025-09-20 17:45:00,C-00099,Deportes,Balón Profesional,39.0,2,0.0,78.0,Tienda física,Efectivo,Barcelona,4.3,False,2025,9,Septiembre,T3,Sábado,True,38,39.0
TX-000658,2025-09-21 15:35:00,C-00040,Electrónica,Tablet Pro 11,449.0,1,0.0,449.0,Online,Tarjeta,Barcelona,4.5,False,2025,9,Septiembre,T3,Domingo,True,38,449.0
TX-000659,2025-09-25 09:10:00,C-00054,Deportes,Bicicleta Estática,349.0,2,0.0,698.0,Online,Bizum,Valencia,2.7,False,2025,9,Septiembre,T3,Jueves,False,39,349.0
TX-000660,2025-09-25 21:45:00,C-00070,Alimentación,Té Verde Premium,9.0,1,0.0,9.0,Online,PayPal,Bilbao,4.2,False,2025,9,Septiembre,T3,Jueves,False,39,9.0
TX-000661,2025-09-26 15:00:00,C-00051,Hogar,Cafetera Espresso,189.0,5,0.0,945.0,Online,Tarjeta,Barcelona,4.7,False,2025,9,Septiembre,T3,Viernes,False,39,189.0
TX-000662,2025-09-27 13:00:00,C-00077,Electrónica,Auriculares Inalámbricos,129.0,2,0.0,258.0,Online,PayPal,Madrid,4.8,False,2025,9,Septiembre,T3,Sábado,True,39,129.0
TX-000663,2025-10-01 09:15:00,C-00049,Ropa,Sudadera Premium,49.0,2,0.26,72.52,Tienda física,Tarjeta,Barcelona,4.2,False,2025,10,Octubre,T4,Miércoles,False,40,36.26
TX-000664,2025-10-01 18:35:00,C-00075,Hogar,Set Sartenes Antiadherentes,79.0,1,0.0,79.0,Online,Tarjeta,Barcelona,4.1,False,2025,10,Octubre,T4,Miércoles,False,40,79.0
TX-000665,2025-10-03 12:45:00,C-00088,Alimentación,Café en Grano 1kg,14.0,1,0.28,10.08,Tienda física,Tarjeta,Zaragoza,4.3,False,2025,10,Octubre,T4,Viernes,False,40,10.08
TX-000666,2025-10-03 16:50:00,C-00054,Hogar,Purificador de Aire,159.0,2,0.1,286.2,Tienda física,PayPal,Barcelona,3.8,False,2025,10,Octubre,T4,Viernes,False,40,143.1
TX-000667,2025-10-04 10:15:00,C-00035,Alimentación,Chocolate Artesanal,6.0,1,0.0,6.0,Tienda física,Tarjeta,Madrid,3.8,False,2025,10,Octubre,T4,Sábado,True,40,6.0
TX-000668,2025-10-04 18:20:00,C-00089,Electrónica,Portátil UltraBook 15,1099.0,1,0.0,1099.0,Online,PayPal,Valencia,3.8,False,2025,10,Octubre,T4,Sábado,True,40,1099.0
TX-000669,2025-10-04 21:35:00,C-00077,Ropa,Camisa Clásica,35.0,1,0.07,32.55,Online,Tarjeta,Barcelona,3.8,False,2025,10,Octubre,T4,Sábado,True,40,32.55
TX-000670,2025-10-05 14:10:00,C-00023,Electrónica,Smartwatch Active,199.0,1,0.0,199.0,Online,Tarjeta,Madrid,4.6,False,2025,10,Octubre,T4,Domingo,True,40,199.0
TX-000671,2025-10-06 12:05:00,C-00077,Deportes,Balón Profesional,39.0,2,0.1,70.2,Online,Tarjeta,Madrid,4.5,False,2025,10,Octubre,T4,Lunes,False,41,35.1
TX-000672,2025-10-06 15:45:00,C-00087,Alimentación,Aceite de Oliva Extra,12.0,1,0.0,12.0,Tienda física,Efectivo,Madrid,4.4,False,2025,10,Octubre,T4,Lunes,False,41,12.0
TX-000673,2025-10-07 10:35:00,C-00038,Electrónica,"Monitor 4K 27""",249.0,1,0.08,229.08,Online,Bizum,Zaragoza,3.2,False,2025,10,Octubre,T4,Martes,False,41,229.08
TX-000674,2025-10-08 09:00:00,C-00043,Electrónica,Portátil UltraBook 15,1099.0,1,0.13,956.13,Tienda física,Tarjeta,Madrid,3.6,False,2025,10,Octubre,T4,Miércoles,False,41,956.13
TX-000675,2025-10-08 11:40:00,C-00077,Electrónica,Smartwatch Active,199.0,4,0.17,660.68,Tienda física,PayPal,Bilbao,5.0,False,2025,10,Octubre,T4,Miércoles,False,41,165.17
TX-000676,2025-10-10 10:15:00,C-00055,Electrónica,Portátil UltraBook 15,1099.0,1,0.2,879.2,Online,PayPal,Madrid,4.5,False,2025,10,Octubre,T4,Viernes,False,41,879.2
TX-000677,2025-10-10 14:10:00,C-00075,Libros,Biografía Histórica,25.0,2,0.0,50.0,Tienda física,PayPal,Bilbao,3.8,False,2025,10,Octubre,T4,Viernes,False,41,25.0
TX-000678,2025-10-11 10:55:00,C-00077,Alimentación,Aceite de Oliva Extra,12.0,1,0.0,12.0,Online,Efectivo,Málaga,3.6,False,2025,10,Octubre,T4,Sábado,True,41,12.0
TX-000679,2025-10-11 17:30:00,C-00042,Hogar,Purificador de Aire,159.0,1,0.0,159.0,Online,PayPal,Barcelona,4.1,False,2025,10,Octubre,T4,Sábado,True,41,159.0
TX-000680,2025-10-12 21:45:00,C-00081,Deportes,Esterilla Yoga Pro,29.0,1,0.2,23.2,Online,PayPal,Barcelona,4.3,False,2025,10,Octubre,T4,Domingo,True,41,23.2
TX-000681,2025-10-13 15:05:00,C-00058,Electrónica,Auriculares Inalámbricos,129.0,4,0.0,516.0,Tienda física,Tarjeta,Madrid,4.4,False,2025,10,Octubre,T4,Lunes,False,42,129.0
TX-000682,2025-10-13 17:05:00,C-00005,Ropa,Vaqueros Slim,59.0,4,0.0,236.0,Online,Tarjeta,Valencia,3.8,False,2025,10,Octubre,T4,Lunes,False,42,59.0
TX-000683,2025-10-15 10:55:00,C-00099,Hogar,Set Sartenes Antiadherentes,79.0,2,0.0,158.0,Tienda física,PayPal,Madrid,4.1,False,2025,10,Octubre,T4,Miércoles,False,42,79.0
TX-000684,2025-10-15 14:55:00,C-00045,Hogar,Robot Aspirador,299.0,2,0.0,598.0,Tienda física,Tarjeta,Barcelona,4.2,False,2025,10,Octubre,T4,Miércoles,False,42,299.0
TX-000685,2025-10-15 18:00:00,C-00068,Electrónica,Auriculares Inalámbricos,129.0,1,0.0,129.0,Tienda física,Tarjeta,Valencia,3.0,False,2025,10,Octubre,T4,Miércoles,False,42,129.0
TX-000686,2025-10-18 13:45:00,C-00017,Electrónica,Smartphone Galaxy X,699.0,1,0.0,699.0,Tienda física,PayPal,Barcelona,4.3,False,2025,10,Octubre,T4,Sábado,True,42,699.0
TX-000687,2025-10-18 14:20:00,C-00054,Electrónica,Tablet Pro 11,449.0,1,0.06,422.06,Online,Tarjeta,Sevilla,4.5,False,2025,10,Octubre,T4,Sábado,True,42,422.06
TX-000688,2025-10-18 21:55:00,C-00077,Hogar,Lámpara Inteligente,45.0,1,0.0,45.0,Online,Tarjeta,Málaga,3.9,False,2025,10,Octubre,T4,Sábado,True,42,45.0
TX-000689,2025-10-19 10:20:00,C-00060,Ropa,Vaqueros Slim,59.0,1,0.0,59.0,Tienda física,Tarjeta,Valencia,2.8,False,2025,10,Octubre,T4,Domingo,True,42,59.0
TX-000690,2025-10-19 12:25:00,C-00075,Hogar,Robot Aspirador,299.0,4,0.0,1196.0,Tienda física,Bizum,Barcelona,4.7,False,2025,10,Octubre,T4,Domingo,True,42,299.0
TX-000691,2025-10-19 17:15:00,C-00075,Electrónica,Smartphone Galaxy X,699.0,2,0.0,1398.0,Online,Bizum,Barcelona,3.8,False,2025,10,Octubre,T4,Domingo,True,42,699.0
TX-000692,2025-10-19 21:50:00,C-00054,Electrónica,"Monitor 4K 27""",249.0,1,0.0,249.0,Tienda física,PayPal,Valencia,4.3,False,2025,10,Octubre,T4,Domingo,True,42,249.0
TX-000693,2025-10-20 12:00:00,C-00068,Hogar,Lámpara Inteligente,45.0,2,0.0,90.0,Tienda física,Tarjeta,Bilbao,3.1,False,2025,10,Octubre,T4,Lunes,False,43,45.0
TX-000694,2025-10-20 12:45:00,C-00076,Alimentación,Aceite de Oliva Extra,12.0,5,0.0,60.0,Online,Efectivo,Madrid,3.9,False,2025,10,Octubre,T4,Lunes,False,43,12.0
TX-000695,2025-10-21 12:20:00,C-00075,Deportes,Bicicleta Estática,349.0,1,0.0,349.0,Tienda física,PayPal,Barcelona,3.2,False,2025,10,Octubre,T4,Martes,False,43,349.0
TX-000696,2025-10-21 19:45:00,C-00022,Alimentación,Miel Orgánica,8.0,4,0.19,25.92,Online,Tarjeta,Sevilla,4.1,False,2025,10,Octubre,T4,Martes,False,43,6.48
TX-000697,2025-10-21 21:30:00,C-00077,Electrónica,Smartwatch Active,199.0,1,0.06,187.06,Tienda física,Efectivo,Barcelona,4.3,False,2025,10,Octubre,T4,Martes,False,43,187.06
TX-000698,2025-10-22 17:10:00,C-00012,Deportes,Mancuernas Ajustables,149.0,1,0.18,122.18,Tienda física,Tarjeta,Valencia,4.5,False,2025,10,Octubre,T4,Miércoles,False,43,122.18
TX-000699,2025-10-23 18:15:00,C-00070,Hogar,Purificador de Aire,159.0,1,0.0,159.0,Tienda física,Tarjeta,Madrid,3.5,False,2025,10,Octubre,T4,Jueves,False,43,159.0
TX-000700,2025-10-23 20:45:00,C-00002,Deportes,Esterilla Yoga Pro,29.0,1,0.0,29.0,Tienda física,PayPal,Barcelona,4.1,False,2025,10,Octubre,T4,Jueves,False,43,29.0
TX-000701,2025-10-24 13:00:00,C-00052,Ropa,Sudadera Premium,49.0,2,0.0,98.0,Online,Tarjeta,Barcelona,3.5,False,2025,10,Octubre,T4,Viernes,False,43,49.0
TX-000702,2025-10-24 19:40:00,C-00012,Deportes,Set Bandas Elásticas,19.0,1,0.0,19.0,Tienda física,Bizum,Bilbao,3.5,False,2025,10,Octubre,T4,Viernes,False,43,19.0
TX-000703,2025-10-24 19:50:00,C-00076,Electrónica,Smartwatch Active,199.0,1,0.0,199.0,Online,Tarjeta,Bilbao,3.9,False,2025,10,Octubre,T4,Viernes,False,43,199.0
TX-000704,2025-10-25 21:10:00,C-00051,Libros,Manual de Python,39.0,1,0.11,34.71,Tienda física,PayPal,Valencia,4.4,False,2025,10,Octubre,T4,Sábado,True,43,34.71
TX-000705,2025-10-27 16:25:00,C-00055,Deportes,Bicicleta Estática,349.0,4,0.0,1396.0,Online,Bizum,Madrid,4.1,False,2025,10,Octubre,T4,Lunes,False,44,349.0
TX-000706,2025-10-29 10:35:00,C-00047,Deportes,Set Bandas Elásticas,19.0,2,0.0,38.0,Online,Tarjeta,Málaga,3.4,False,2025,10,Octubre,T4,Miércoles,False,44,19.0
TX-000707,2025-10-29 20:10:00,C-00055,Ropa,Vaqueros Slim,59.0,2,0.0,118.0,Tienda física,Efectivo,Sevilla,3.9,False,2025,10,Octubre,T4,Miércoles,False,44,59.0
TX-000708,2025-10-30 12:50:00,C-00070,Alimentación,Miel Orgánica,8.0,1,0.0,8.0,Online,Tarjeta,Valencia,4.2,False,2025,10,Octubre,T4,Jueves,False,44,8.0
TX-000709,2025-10-30 17:00:00,C-00040,Ropa,Zapatillas Running,99.0,5,0.0,495.0,Online,Tarjeta,Madrid,3.5,False,2025,10,Octubre,T4,Jueves,False,44,99.0
TX-000710,2025-11-03 11:40:00,C-00001,Hogar,Purificador de Aire,159.0,1,0.0,159.0,Online,Tarjeta,Valencia,3.5,False,2025,11,Noviembre,T4,Lunes,False,45,159.0
TX-000711,2025-11-03 18:30:00,C-00074,Ropa,Vaqueros Slim,59.0,2,0.07,109.74,Tienda física,Tarjeta,Valencia,4.4,False,2025,11,Noviembre,T4,Lunes,False,45,54.87
TX-000712,2025-11-03 20:25:00,C-00097,Ropa,Camisa Clásica,35.0,2,0.0,70.0,Online,Tarjeta,Madrid,3.7,False,2025,11,Noviembre,T4,Lunes,False,45,35.0
TX-000713,2025-11-05 10:55:00,C-00002,Alimentación,Café en Grano 1kg,14.0,1,0.0,14.0,Tienda física,PayPal,Málaga,3.9,False,2025,11,Noviembre,T4,Miércoles,False,45,14.0
TX-000714,2025-11-08 12:20:00,C-00092,Electrónica,"Monitor 4K 27""",249.0,2,0.0,498.0,Tienda física,Bizum,Madrid,3.8,False,2025,11,Noviembre,T4,Sábado,True,45,249.0
TX-000715,2025-11-09 17:45:00,C-00077,Electrónica,Smartwatch Active,199.0,1,0.0,199.0,Online,Tarjeta,Barcelona,3.4,False,2025,11,Noviembre,T4,Domingo,True,45,199.0
TX-000716,2025-11-09 21:15:00,C-00077,Alimentación,Té Verde Premium,9.0,3,0.0,27.0,Online,Tarjeta,Málaga,2.9,False,2025,11,Noviembre,T4,Domingo,True,45,9.0
TX-000717,2025-11-11 09:20:00,C-00048,Electrónica,Smartphone Galaxy X,699.0,2,0.22,1090.44,Online,Tarjeta,Bilbao,3.4,False,2025,11,Noviembre,T4,Martes,False,46,545.22
TX-000718,2025-11-12 09:45:00,C-00028,Electrónica,Smartwatch Active,199.0,5,0.0,995.0,Online,PayPal,Madrid,3.4,False,2025,11,Noviembre,T4,Miércoles,False,46,199.0
TX-000719,2025-11-12 13:55:00,C-00063,Hogar,Robot Aspirador,299.0,3,0.0,897.0,Online,Efectivo,Sevilla,3.2,False,2025,11,Noviembre,T4,Miércoles,False,46,299.0
TX-000720,2025-11-13 13:25:00,C-00023,Libros,Libro de Cocina,28.0,1,0.0,28.0,Online,Efectivo,Barcelona,3.1,False,2025,11,Noviembre,T4,Jueves,False,46,28.0
TX-000721,2025-11-14 16:10:00,C-00022,Deportes,Esterilla Yoga Pro,29.0,2,0.16,48.72,Online,Efectivo,Sevilla,4.7,False,2025,11,Noviembre,T4,Viernes,False,46,24.36
TX-000722,2025-11-14 20:15:00,C-00075,Electrónica,Smartwatch Active,199.0,3,0.0,597.0,Online,PayPal,Zaragoza,4.1,False,2025,11,Noviembre,T4,Viernes,False,46,199.0
TX-000723,2025-11-15 10:55:00,C-00010,Ropa,Vaqueros Slim,59.0,2,0.23,90.86,Online,Tarjeta,Málaga,3.2,False,2025,11,Noviembre,T4,Sábado,True,46,45.43
TX-000724,2025-11-15 13:20:00,C-00039,Deportes,Bicicleta Estática,349.0,1,0.24,265.24,Tienda física,PayPal,Barcelona,4.1,False,2025,11,Noviembre,T4,Sábado,True,46,265.24
TX-000725,2025-11-15 20:55:00,C-00075,Hogar,Purificador de Aire,159.0,2,0.29,225.78,Online,Tarjeta,Valencia,4.0,False,2025,11,Noviembre,T4,Sábado,True,46,112.89
TX-000726,2025-11-17 09:55:00,C-00010,Electrónica,Smartwatch Active,199.0,5,0.0,995.0,Tienda física,Tarjeta,Madrid,4.5,False,2025,11,Noviembre,T4,Lunes,False,47,199.0
TX-000727,2025-11-17 11:05:00,C-00043,Hogar,Purificador de Aire,159.0,2,0.0,318.0,Online,Tarjeta,Madrid,4.2,False,2025,11,Noviembre,T4,Lunes,False,47,159.0
TX-000728,2025-11-17 20:20:00,C-00073,Electrónica,"Monitor 4K 27""",249.0,1,0.0,249.0,Tienda física,PayPal,Barcelona,3.9,False,2025,11,Noviembre,T4,Lunes,False,47,249.0
TX-000729,2025-11-18 09:55:00,C-00083,Alimentación,Té Verde Premium,9.0,2,0.24,13.68,Online,Tarjeta,Bilbao,4.6,False,2025,11,Noviembre,T4,Martes,False,47,6.84
TX-000730,2025-11-20 16:25:00,C-00033,Libros,Libro de Cocina,28.0,1,0.0,28.0,Tienda física,Tarjeta,Zaragoza,2.8,False,2025,11,Noviembre,T4,Jueves,False,47,28.0
TX-000731,2025-11-21 10:25:00,C-00033,Hogar,Cafetera Espresso,189.0,1,0.0,189.0,Tienda física,Efectivo,Málaga,4.2,False,2025,11,Noviembre,T4,Viernes,False,47,189.0
TX-000732,2025-11-21 12:40:00,C-00077,Alimentación,Chocolate Artesanal,6.0,1,0.0,6.0,Online,PayPal,Bilbao,4.7,False,2025,11,Noviembre,T4,Viernes,False,47,6.0
TX-000733,2025-11-21 18:50:00,C-00049,Hogar,Purificador de Aire,159.0,1,0.0,159.0,Tienda física,PayPal,Barcelona,4.2,False,2025,11,Noviembre,T4,Viernes,False,47,159.0
TX-000734,2025-11-22 14:40:00,C-00033,Hogar,Purificador de Aire,159.0,1,0.0,159.0,Online,Tarjeta,Barcelona,3.6,False,2025,11,Noviembre,T4,Sábado,True,47,159.0
TX-000735,2025-11-24 11:05:00,C-00040,Ropa,Zapatillas Running,99.0,3,0.0,297.0,Tienda física,Tarjeta,Madrid,4.5,False,2025,11,Noviembre,T4,Lunes,False,48,99.0
TX-000736,2025-11-24 14:20:00,C-00077,Electrónica,Tablet Pro 11,449.0,5,0.0,2245.0,Online,Efectivo,Madrid,3.5,True,2025,11,Noviembre,T4,Lunes,False,48,449.0
TX-000737,2025-11-24 14:35:00,C-00077,Ropa,Zapatillas Running,99.0,1,0.0,99.0,Online,Tarjeta,Madrid,4.5,False,2025,11,Noviembre,T4,Lunes,False,48,99.0
TX-000738,2025-11-25 09:25:00,C-00088,Hogar,Cafetera Espresso,189.0,4,0.0,756.0,Tienda física,Tarjeta,Barcelona,4.4,False,2025,11,Noviembre,T4,Martes,False,48,189.0
TX-000739,2025-11-25 17:40:00,C-00068,Ropa,Chaqueta Impermeable,89.0,1,0.0,89.0,Online,Tarjeta,Zaragoza,4.0,False,2025,11,Noviembre,T4,Martes,False,48,89.0
TX-000740,2025-11-26 14:10:00,C-00075,Electrónica,Tablet Pro 11,449.0,3,0.0,1347.0,Online,Tarjeta,Zaragoza,4.5,False,2025,11,Noviembre,T4,Miércoles,False,48,449.0
TX-000741,2025-11-26 18:05:00,C-00099,Deportes,Balón Profesional,39.0,5,0.0,195.0,Online,Efectivo,Valencia,3.7,False,2025,11,Noviembre,T4,Miércoles,False,48,39.0
TX-000742,2025-11-27 11:50:00,C-00079,Libros,Manual de Python,39.0,1,0.0,39.0,Online,Tarjeta,Sevilla,4.5,False,2025,11,Noviembre,T4,Jueves,False,48,39.0
TX-000743,2025-11-27 19:10:00,C-00022,Ropa,Zapatillas Running,99.0,1,0.0,99.0,Online,Efectivo,Madrid,4.0,False,2025,11,Noviembre,T4,Jueves,False,48,99.0
TX-000744,2025-11-29 17:40:00,C-00055,Hogar,Purificador de Aire,159.0,2,0.0,318.0,Online,Tarjeta,Madrid,4.1,False,2025,11,Noviembre,T4,Sábado,True,48,159.0
TX-000745,2025-11-29 20:30:00,C-00024,Electrónica,"Monitor 4K 27""",249.0,1,0.0,249.0,Online,Tarjeta,Madrid,4.4,False,2025,11,Noviembre,T4,Sábado,True,48,249.0
TX-000746,2025-11-29 20:45:00,C-00055,Electrónica,Auriculares Inalámbricos,129.0,1,0.0,129.0,Tienda física,PayPal,Madrid,3.7,False,2025,11,Noviembre,T4,Sábado,True,48,129.0
TX-000747,2025-11-29 20:50:00,C-00088,Ropa,Vaqueros Slim,59.0,4,0.0,236.0,Tienda física,Tarjeta,Barcelona,4.9,False,2025,11,Noviembre,T4,Sábado,True,48,59.0
TX-000748,2025-11-30 10:00:00,C-00077,Deportes,Bicicleta Estática,349.0,4,0.0,1396.0,Tienda física,PayPal,Madrid,3.1,False,2025,11,Noviembre,T4,Domingo,True,48,349.0
TX-000749,2025-11-30 10:35:00,C-00040,Ropa,Vaqueros Slim,59.0,1,0.0,59.0,Online,PayPal,Barcelona,4.7,False,2025,11,Noviembre,T4,Domingo,True,48,59.0
TX-000750,2025-11-30 13:25:00,C-00055,Electrónica,Auriculares Inalámbricos,129.0,1,0.05,122.55,Online,PayPal,Barcelona,3.8,False,2025,11,Noviembre,T4,Domingo,True,48,122.55
TX-000751,2025-11-30 16:55:00,C-00077,Electrónica,Tablet Pro 11,449.0,1,0.0,449.0,Online,Tarjeta,Zaragoza,3.2,False,2025,11,Noviembre,T4,Domingo,True,48,449.0
TX-000752,2025-12-01 11:55:00,C-00075,Ropa,Chaqueta Impermeable,89.0,4,0.0,356.0,Online,Tarjeta,Valencia,3.8,False,2025,12,Diciembre,T4,Lunes,False,49,89.0
TX-000753,2025-12-02 19:05:00,C-00077,Ropa,Sudadera Premium,49.0,5,0.0,245.0,Tienda física,Bizum,Zaragoza,3.9,False,2025,12,Diciembre,T4,Martes,False,49,49.0
TX-000754,2025-12-03 14:00:00,C-00054,Electrónica,Tablet Pro 11,449.0,5,0.0,2245.0,Online,Tarjeta,Bilbao,3.3,True,2025,12,Diciembre,T4,Miércoles,False,49,449.0
TX-000755,2025-12-04 11:20:00,C-00088,Electrónica,Auriculares Inalámbricos,129.0,1,0.21,101.91,Online,Efectivo,Barcelona,4.4,False,2025,12,Diciembre,T4,Jueves,False,49,101.91
TX-000756,2025-12-04 14:20:00,C-00067,Alimentación,Té Verde Premium,9.0,4,0.0,36.0,Tienda física,Tarjeta,Sevilla,3.8,False,2025,12,Diciembre,T4,Jueves,False,49,9.0
TX-000757,2025-12-04 16:00:00,C-00007,Deportes,Set Bandas Elásticas,19.0,3,0.0,57.0,Online,Tarjeta,Barcelona,2.8,False,2025,12,Diciembre,T4,Jueves,False,49,19.0
TX-000758,2025-12-04 17:55:00,C-00044,Hogar,Set Sartenes Antiadherentes,79.0,1,0.0,79.0,Online,PayPal,Madrid,4.2,False,2025,12,Diciembre,T4,Jueves,False,49,79.0
TX-000759,2025-12-04 21:30:00,C-00039,Ropa,Chaqueta Impermeable,89.0,4,0.16,299.04,Online,Tarjeta,Bilbao,3.5,False,2025,12,Diciembre,T4,Jueves,False,49,74.76
TX-000760,2025-12-05 14:55:00,C-00054,Electrónica,Smartphone Galaxy X,699.0,3,0.0,2097.0,Tienda física,Bizum,Valencia,4.2,True,2025,12,Diciembre,T4,Viernes,False,49,699.0
TX-000761,2025-12-06 20:05:00,C-00075,Alimentación,Aceite de Oliva Extra,12.0,3,0.0,36.0,Tienda física,Bizum,Madrid,3.9,False,2025,12,Diciembre,T4,Sábado,True,49,12.0
TX-000762,2025-12-08 10:50:00,C-00075,Ropa,Sudadera Premium,49.0,1,0.12,43.12,Online,Efectivo,Zaragoza,3.3,False,2025,12,Diciembre,T4,Lunes,False,50,43.12
TX-000763,2025-12-08 11:10:00,C-00075,Electrónica,"Monitor 4K 27""",249.0,3,0.0,747.0,Online,Efectivo,Sevilla,3.9,False,2025,12,Diciembre,T4,Lunes,False,50,249.0
TX-000764,2025-12-09 15:05:00,C-00075,Alimentación,Aceite de Oliva Extra,12.0,1,0.0,12.0,Online,Tarjeta,Madrid,4.1,False,2025,12,Diciembre,T4,Martes,False,50,12.0
TX-000765,2025-12-11 11:00:00,C-00095,Deportes,Esterilla Yoga Pro,29.0,4,0.0,116.0,Online,PayPal,Sevilla,3.4,False,2025,12,Diciembre,T4,Jueves,False,50,29.0
TX-000766,2025-12-11 11:55:00,C-00077,Libros,Libro de Cocina,28.0,1,0.0,28.0,Tienda física,PayPal,Sevilla,5.0,False,2025,12,Diciembre,T4,Jueves,False,50,28.0
TX-000767,2025-12-12 19:50:00,C-00048,Alimentación,Aceite de Oliva Extra,12.0,3,0.0,36.0,Online,Tarjeta,Bilbao,5.0,False,2025,12,Diciembre,T4,Viernes,False,50,12.0
TX-000768,2025-12-13 13:35:00,C-00075,Hogar,Lámpara Inteligente,45.0,1,0.0,45.0,Online,Tarjeta,Barcelona,4.1,False,2025,12,Diciembre,T4,Sábado,True,50,45.0
TX-000769,2025-12-13 20:55:00,C-00002,Ropa,Zapatillas Running,99.0,2,0.27,144.54,Tienda física,PayPal,Bilbao,3.7,False,2025,12,Diciembre,T4,Sábado,True,50,72.27
TX-000770,2025-12-14 12:05:00,C-00040,Hogar,Set Sartenes Antiadherentes,79.0,1,0.0,79.0,Online,Tarjeta,Madrid,3.8,False,2025,12,Diciembre,T4,Domingo,True,50,79.0
TX-000771,2025-12-14 15:15:00,C-00012,Alimentación,Aceite de Oliva Extra,12.0,1,0.0,12.0,Online,PayPal,Bilbao,3.7,False,2025,12,Diciembre,T4,Domingo,True,50,12.0
TX-000772,2025-12-14 17:35:00,C-00042,Electrónica,"Monitor 4K 27""",249.0,1,0.19,201.69,Tienda física,Bizum,Madrid,3.8,False,2025,12,Diciembre,T4,Domingo,True,50,201.69
TX-000773,2025-12-14 19:10:00,C-00006,Deportes,Bicicleta Estática,349.0,3,0.0,1047.0,Online,PayPal,Sevilla,3.7,False,2025,12,Diciembre,T4,Domingo,True,50,349.0
TX-000774,2025-12-15 21:55:00,C-00070,Deportes,Bicicleta Estática,349.0,1,0.0,349.0,Online,Tarjeta,Valencia,5.0,False,2025,12,Diciembre,T4,Lunes,False,51,349.0
TX-000775,2025-12-16 14:40:00,C-00097,Hogar,Robot Aspirador,299.0,4,0.0,1196.0,Online,Tarjeta,Bilbao,4.9,False,2025,12,Diciembre,T4,Martes,False,51,299.0
TX-000776,2025-12-17 16:50:00,C-00068,Hogar,Purificador de Aire,159.0,1,0.0,159.0,Online,Tarjeta,Sevilla,4.3,False,2025,12,Diciembre,T4,Miércoles,False,51,159.0
TX-000777,2025-12-18 11:05:00,C-00093,Ropa,Vaqueros Slim,59.0,5,0.0,295.0,Online,Efectivo,Madrid,3.5,False,2025,12,Diciembre,T4,Jueves,False,51,59.0
TX-000778,2025-12-18 20:30:00,C-00077,Alimentación,Aceite de Oliva Extra,12.0,2,0.0,24.0,Online,Tarjeta,Barcelona,3.8,False,2025,12,Diciembre,T4,Jueves,False,51,12.0
TX-000779,2025-12-19 16:00:00,C-00075,Alimentación,Té Verde Premium,9.0,2,0.0,18.0,Tienda física,Bizum,Valencia,3.4,False,2025,12,Diciembre,T4,Viernes,False,51,9.0
TX-000780,2025-12-19 21:05:00,C-00040,Libros,Novela Bestseller,21.0,1,0.0,21.0,Online,Bizum,Barcelona,3.3,False,2025,12,Diciembre,T4,Viernes,False,51,21.0
TX-000781,2025-12-20 15:10:00,C-00068,Ropa,Chaqueta Impermeable,89.0,2,0.0,178.0,Online,Tarjeta,Zaragoza,3.7,False,2025,12,Diciembre,T4,Sábado,True,51,89.0
TX-000782,2025-12-21 20:45:00,C-00097,Hogar,Set Sartenes Antiadherentes,79.0,1,0.2,63.2,Online,Tarjeta,Madrid,4.1,False,2025,12,Diciembre,T4,Domingo,True,51,63.2
TX-000783,2025-12-22 14:20:00,C-00095,Alimentación,Miel Orgánica,8.0,1,0.0,8.0,Tienda física,Efectivo,Zaragoza,4.5,False,2025,12,Diciembre,T4,Lunes,False,52,8.0
TX-000784,2025-12-23 14:50:00,C-00070,Hogar,Set Sartenes Antiadherentes,79.0,1,0.0,79.0,Online,Tarjeta,Sevilla,4.4,False,2025,12,Diciembre,T4,Martes,False,52,79.0
TX-000785,2025-12-23 16:05:00,C-00097,Ropa,Vaqueros Slim,59.0,1,0.0,59.0,Online,PayPal,Bilbao,3.6,False,2025,12,Diciembre,T4,Martes,False,52,59.0
TX-000786,2025-12-23 18:30:00,C-00010,Alimentación,Chocolate Artesanal,6.0,1,0.0,6.0,Online,Tarjeta,Barcelona,4.0,False,2025,12,Diciembre,T4,Martes,False,52,6.0
TX-000787,2025-12-24 16:25:00,C-00082,Electrónica,Auriculares Inalámbricos,129.0,2,0.14,221.88,Online,Efectivo,Madrid,3.7,False,2025,12,Diciembre,T4,Miércoles,False,52,110.94
TX-000788,2025-12-25 09:20:00,C-00020,Hogar,Set Sartenes Antiadherentes,79.0,2,0.0,158.0,Online,Bizum,Barcelona,2.9,False,2025,12,Diciembre,T4,Jueves,False,52,79.0
TX-000789,2025-12-25 10:40:00,C-00011,Ropa,Chaqueta Impermeable,89.0,1,0.23,68.53,Tienda física,Efectivo,Madrid,5.0,False,2025,12,Diciembre,T4,Jueves,False,52,68.53
TX-000790,2025-12-25 11:35:00,C-00049,Electrónica,Smartwatch Active,199.0,4,0.0,796.0,Tienda física,Bizum,Madrid,4.6,False,2025,12,Diciembre,T4,Jueves,False,52,199.0
TX-000791,2025-12-26 19:05:00,C-00077,Alimentación,Té Verde Premium,9.0,1,0.27,6.57,Online,Tarjeta,Madrid,3.6,False,2025,12,Diciembre,T4,Viernes,False,52,6.57
TX-000792,2025-12-27 16:10:00,C-00085,Libros,Manual de Python,39.0,1,0.0,39.0,Online,Tarjeta,Barcelona,5.0,False,2025,12,Diciembre,T4,Sábado,True,52,39.0
TX-000793,2025-12-27 18:40:00,C-00099,Alimentación,Té Verde Premium,9.0,1,0.0,9.0,Online,Tarjeta,Madrid,3.8,False,2025,12,Diciembre,T4,Sábado,True,52,9.0
TX-000794,2025-12-28 11:25:00,C-00077,Hogar,Lámpara Inteligente,45.0,3,0.07,125.55,Online,Efectivo,Valencia,4.4,False,2025,12,Diciembre,T4,Domingo,True,52,41.85
TX-000795,2025-12-29 12:30:00,C-00077,Alimentación,Café en Grano 1kg,14.0,5,0.0,70.0,Online,Efectivo,Valencia,3.4,False,2025,12,Diciembre,T4,Lunes,False,1,14.0
TX-000796,2025-12-29 17:15:00,C-00044,Hogar,Lámpara Inteligente,45.0,3,0.0,135.0,Online,Tarjeta,Valencia,3.9,False,2025,12,Diciembre,T4,Lunes,False,1,45.0
TX-000797,2025-12-30 12:10:00,C-00075,Deportes,Set Bandas Elásticas,19.0,2,0.0,38.0,Online,Tarjeta,Madrid,3.8,False,2025,12,Diciembre,T4,Martes,False,1,19.0
TX-000798,2025-12-30 19:10:00,C-00077,Electrónica,"Monitor 4K 27""",249.0,4,0.0,996.0,Online,Tarjeta,Madrid,3.6,False,2025,12,Diciembre,T4,Martes,False,1,249.0
TX-000799,2025-12-31 17:10:00,C-00077,Deportes,Esterilla Yoga Pro,29.0,1,0.0,29.0,Online,Tarjeta,Barcelona,4.9,False,2025,12,Diciembre,T4,Miércoles,False,1,29.0
TX-000800,2025-12-31 18:40:00,C-00077,Ropa,Vaqueros Slim,59.0,1,0.0,59.0,Online,Tarjeta,Madrid,4.2,False,2025,12,Diciembre,T4,Miércoles,False,1,59.0
